trade_date,series,name,value_pct,unit,source
20240102,DGS2,美国2年期国债收益率,4.365675582334182,%,内置演示数据（首次在线更新后自动替换）
20240103,DGS2,美国2年期国债收益率,4.326391008436641,%,内置演示数据（首次在线更新后自动替换）
20240104,DGS2,美国2年期国债收益率,4.231938398819917,%,内置演示数据（首次在线更新后自动替换）
20240105,DGS2,美国2年期国债收益率,4.402884803862796,%,内置演示数据（首次在线更新后自动替换）
20240108,DGS2,美国2年期国债收益率,4.275592763520357,%,内置演示数据（首次在线更新后自动替换）
20240109,DGS2,美国2年期国债收益率,4.332628561617178,%,内置演示数据（首次在线更新后自动替换）
20240110,DGS2,美国2年期国债收益率,4.312526388916825,%,内置演示数据（首次在线更新后自动替换）
20240111,DGS2,美国2年期国债收益率,4.332025076457596,%,内置演示数据（首次在线更新后自动替换）
20240112,DGS2,美国2年期国债收益率,4.370427275400412,%,内置演示数据（首次在线更新后自动替换）
20240115,DGS2,美国2年期国债收益率,4.307403560514313,%,内置演示数据（首次在线更新后自动替换）
20240116,DGS2,美国2年期国债收益率,4.374431842644954,%,内置演示数据（首次在线更新后自动替换）
20240117,DGS2,美国2年期国债收益率,4.41912633545372,%,内置演示数据（首次在线更新后自动替换）
20240118,DGS2,美国2年期国债收益率,4.3669338771626105,%,内置演示数据（首次在线更新后自动替换）
20240119,DGS2,美国2年期国债收益率,4.358002014889276,%,内置演示数据（首次在线更新后自动替换）
20240122,DGS2,美国2年期国债收益率,4.40296165565045,%,内置演示数据（首次在线更新后自动替换）
20240123,DGS2,美国2年期国债收益率,4.404367899177112,%,内置演示数据（首次在线更新后自动替换）
20240124,DGS2,美国2年期国债收益率,4.403982099089545,%,内置演示数据（首次在线更新后自动替换）
20240125,DGS2,美国2年期国债收益率,4.393449167340514,%,内置演示数据（首次在线更新后自动替换）
20240126,DGS2,美国2年期国债收益率,4.451871957243611,%,内置演示数据（首次在线更新后自动替换）
20240129,DGS2,美国2年期国债收益率,4.461283891231069,%,内置演示数据（首次在线更新后自动替换）
20240130,DGS2,美国2年期国债收益率,4.41851532520123,%,内置演示数据（首次在线更新后自动替换）
20240131,DGS2,美国2年期国债收益率,4.429651548856486,%,内置演示数据（首次在线更新后自动替换）
20240201,DGS2,美国2年期国债收益率,4.468470589627242,%,内置演示数据（首次在线更新后自动替换）
20240202,DGS2,美国2年期国债收益率,4.4422521817680325,%,内置演示数据（首次在线更新后自动替换）
20240205,DGS2,美国2年期国债收益率,4.483302152306859,%,内置演示数据（首次在线更新后自动替换）
20240206,DGS2,美国2年期国债收益率,4.528636780878635,%,内置演示数据（首次在线更新后自动替换）
20240207,DGS2,美国2年期国债收益率,4.489362642313981,%,内置演示数据（首次在线更新后自动替换）
20240208,DGS2,美国2年期国债收益率,4.461216374665085,%,内置演示数据（首次在线更新后自动替换）
20240209,DGS2,美国2年期国债收益率,4.515757925035168,%,内置演示数据（首次在线更新后自动替换）
20240212,DGS2,美国2年期国债收益率,4.504934398619942,%,内置演示数据（首次在线更新后自动替换）
20240213,DGS2,美国2年期国债收益率,4.511924719949668,%,内置演示数据（首次在线更新后自动替换）
20240214,DGS2,美国2年期国债收益率,4.536747633496483,%,内置演示数据（首次在线更新后自动替换）
20240215,DGS2,美国2年期国债收益率,4.549167719559265,%,内置演示数据（首次在线更新后自动替换）
20240216,DGS2,美国2年期国债收益率,4.535337509051862,%,内置演示数据（首次在线更新后自动替换）
20240219,DGS2,美国2年期国债收益率,4.538172195863117,%,内置演示数据（首次在线更新后自动替换）
20240220,DGS2,美国2年期国债收益率,4.607500501365559,%,内置演示数据（首次在线更新后自动替换）
20240221,DGS2,美国2年期国债收益率,4.587091251782052,%,内置演示数据（首次在线更新后自动替换）
20240222,DGS2,美国2年期国债收益率,4.581437408150044,%,内置演示数据（首次在线更新后自动替换）
20240223,DGS2,美国2年期国债收益率,4.5655969683841375,%,内置演示数据（首次在线更新后自动替换）
20240226,DGS2,美国2年期国债收益率,4.536589048442994,%,内置演示数据（首次在线更新后自动替换）
20240227,DGS2,美国2年期国债收益率,4.605551764033251,%,内置演示数据（首次在线更新后自动替换）
20240228,DGS2,美国2年期国债收益率,4.580893641574713,%,内置演示数据（首次在线更新后自动替换）
20240229,DGS2,美国2年期国债收益率,4.56394782187835,%,内置演示数据（首次在线更新后自动替换）
20240301,DGS2,美国2年期国债收益率,4.578527864265591,%,内置演示数据（首次在线更新后自动替换）
20240304,DGS2,美国2年期国债收益率,4.5612546455695435,%,内置演示数据（首次在线更新后自动替换）
20240305,DGS2,美国2年期国债收益率,4.626234715972339,%,内置演示数据（首次在线更新后自动替换）
20240306,DGS2,美国2年期国债收益率,4.619135245858083,%,内置演示数据（首次在线更新后自动替换）
20240307,DGS2,美国2年期国债收益率,4.608074923376546,%,内置演示数据（首次在线更新后自动替换）
20240308,DGS2,美国2年期国债收益率,4.6051747597247505,%,内置演示数据（首次在线更新后自动替换）
20240311,DGS2,美国2年期国债收益率,4.589719306801203,%,内置演示数据（首次在线更新后自动替换）
20240312,DGS2,美国2年期国债收益率,4.549765091047729,%,内置演示数据（首次在线更新后自动替换）
20240313,DGS2,美国2年期国债收益率,4.574652469659282,%,内置演示数据（首次在线更新后自动替换）
20240314,DGS2,美国2年期国债收益率,4.597977365915388,%,内置演示数据（首次在线更新后自动替换）
20240315,DGS2,美国2年期国债收益率,4.596526039220938,%,内置演示数据（首次在线更新后自动替换）
20240318,DGS2,美国2年期国债收益率,4.634894498827012,%,内置演示数据（首次在线更新后自动替换）
20240319,DGS2,美国2年期国债收益率,4.653296055208791,%,内置演示数据（首次在线更新后自动替换）
20240320,DGS2,美国2年期国债收益率,4.627673190870248,%,内置演示数据（首次在线更新后自动替换）
20240321,DGS2,美国2年期国债收益率,4.676205289991152,%,内置演示数据（首次在线更新后自动替换）
20240322,DGS2,美国2年期国债收益率,4.612697364089711,%,内置演示数据（首次在线更新后自动替换）
20240325,DGS2,美国2年期国债收益率,4.634198685510387,%,内置演示数据（首次在线更新后自动替换）
20240326,DGS2,美国2年期国债收益率,4.6386486500988315,%,内置演示数据（首次在线更新后自动替换）
20240327,DGS2,美国2年期国债收益率,4.674689339152639,%,内置演示数据（首次在线更新后自动替换）
20240328,DGS2,美国2年期国债收益率,4.646677001274798,%,内置演示数据（首次在线更新后自动替换）
20240329,DGS2,美国2年期国债收益率,4.648914472932705,%,内置演示数据（首次在线更新后自动替换）
20240401,DGS2,美国2年期国债收益率,4.596498811093791,%,内置演示数据（首次在线更新后自动替换）
20240402,DGS2,美国2年期国债收益率,4.620212673989766,%,内置演示数据（首次在线更新后自动替换）
20240403,DGS2,美国2年期国债收益率,4.680982759588197,%,内置演示数据（首次在线更新后自动替换）
20240404,DGS2,美国2年期国债收益率,4.5865663433502455,%,内置演示数据（首次在线更新后自动替换）
20240405,DGS2,美国2年期国债收益率,4.689666557745802,%,内置演示数据（首次在线更新后自动替换）
20240408,DGS2,美国2年期国债收益率,4.664744355113881,%,内置演示数据（首次在线更新后自动替换）
20240409,DGS2,美国2年期国债收益率,4.627533711742022,%,内置演示数据（首次在线更新后自动替换）
20240410,DGS2,美国2年期国债收益率,4.625030001127306,%,内置演示数据（首次在线更新后自动替换）
20240411,DGS2,美国2年期国债收益率,4.706729420059976,%,内置演示数据（首次在线更新后自动替换）
20240412,DGS2,美国2年期国债收益率,4.691879467205565,%,内置演示数据（首次在线更新后自动替换）
20240415,DGS2,美国2年期国债收益率,4.645467997905855,%,内置演示数据（首次在线更新后自动替换）
20240416,DGS2,美国2年期国债收益率,4.65243053709669,%,内置演示数据（首次在线更新后自动替换）
20240417,DGS2,美国2年期国债收益率,4.628176869806867,%,内置演示数据（首次在线更新后自动替换）
20240418,DGS2,美国2年期国债收益率,4.6506037267441425,%,内置演示数据（首次在线更新后自动替换）
20240419,DGS2,美国2年期国债收益率,4.625169859727016,%,内置演示数据（首次在线更新后自动替换）
20240422,DGS2,美国2年期国债收益率,4.6416868881856255,%,内置演示数据（首次在线更新后自动替换）
20240423,DGS2,美国2年期国债收益率,4.696839377955985,%,内置演示数据（首次在线更新后自动替换）
20240424,DGS2,美国2年期国债收益率,4.637978249410856,%,内置演示数据（首次在线更新后自动替换）
20240425,DGS2,美国2年期国债收益率,4.607554876196485,%,内置演示数据（首次在线更新后自动替换）
20240426,DGS2,美国2年期国债收益率,4.595985834710157,%,内置演示数据（首次在线更新后自动替换）
20240429,DGS2,美国2年期国债收益率,4.638605590840462,%,内置演示数据（首次在线更新后自动替换）
20240430,DGS2,美国2年期国债收益率,4.609614942846717,%,内置演示数据（首次在线更新后自动替换）
20240501,DGS2,美国2年期国债收益率,4.637325469069876,%,内置演示数据（首次在线更新后自动替换）
20240502,DGS2,美国2年期国债收益率,4.578664938951479,%,内置演示数据（首次在线更新后自动替换）
20240503,DGS2,美国2年期国债收益率,4.645118594413899,%,内置演示数据（首次在线更新后自动替换）
20240506,DGS2,美国2年期国债收益率,4.589607006439134,%,内置演示数据（首次在线更新后自动替换）
20240507,DGS2,美国2年期国债收益率,4.619643017167308,%,内置演示数据（首次在线更新后自动替换）
20240508,DGS2,美国2年期国债收益率,4.604789993611123,%,内置演示数据（首次在线更新后自动替换）
20240509,DGS2,美国2年期国债收益率,4.663020230671533,%,内置演示数据（首次在线更新后自动替换）
20240510,DGS2,美国2年期国债收益率,4.612988903369033,%,内置演示数据（首次在线更新后自动替换）
20240513,DGS2,美国2年期国债收益率,4.6624320373874335,%,内置演示数据（首次在线更新后自动替换）
20240514,DGS2,美国2年期国债收益率,4.616963650925659,%,内置演示数据（首次在线更新后自动替换）
20240515,DGS2,美国2年期国债收益率,4.638828844707455,%,内置演示数据（首次在线更新后自动替换）
20240516,DGS2,美国2年期国债收益率,4.585581809214786,%,内置演示数据（首次在线更新后自动替换）
20240517,DGS2,美国2年期国债收益率,4.597845819831704,%,内置演示数据（首次在线更新后自动替换）
20240520,DGS2,美国2年期国债收益率,4.6195330490074245,%,内置演示数据（首次在线更新后自动替换）
20240521,DGS2,美国2年期国债收益率,4.605475818415589,%,内置演示数据（首次在线更新后自动替换）
20240522,DGS2,美国2年期国债收益率,4.589472657138958,%,内置演示数据（首次在线更新后自动替换）
20240523,DGS2,美国2年期国债收益率,4.558785575310787,%,内置演示数据（首次在线更新后自动替换）
20240524,DGS2,美国2年期国债收益率,4.558808438800471,%,内置演示数据（首次在线更新后自动替换）
20240527,DGS2,美国2年期国债收益率,4.592519551958476,%,内置演示数据（首次在线更新后自动替换）
20240528,DGS2,美国2年期国债收益率,4.593457396070378,%,内置演示数据（首次在线更新后自动替换）
20240529,DGS2,美国2年期国债收益率,4.529859569264378,%,内置演示数据（首次在线更新后自动替换）
20240530,DGS2,美国2年期国债收益率,4.519775785429119,%,内置演示数据（首次在线更新后自动替换）
20240531,DGS2,美国2年期国债收益率,4.509288099544796,%,内置演示数据（首次在线更新后自动替换）
20240603,DGS2,美国2年期国债收益率,4.55550994827969,%,内置演示数据（首次在线更新后自动替换）
20240604,DGS2,美国2年期国债收益率,4.496827614556113,%,内置演示数据（首次在线更新后自动替换）
20240605,DGS2,美国2年期国债收益率,4.543221938553058,%,内置演示数据（首次在线更新后自动替换）
20240606,DGS2,美国2年期国债收益率,4.528938525308466,%,内置演示数据（首次在线更新后自动替换）
20240607,DGS2,美国2年期国债收益率,4.489984070885546,%,内置演示数据（首次在线更新后自动替换）
20240610,DGS2,美国2年期国债收益率,4.546919726297874,%,内置演示数据（首次在线更新后自动替换）
20240611,DGS2,美国2年期国债收益率,4.449704536988374,%,内置演示数据（首次在线更新后自动替换）
20240612,DGS2,美国2年期国债收益率,4.536831052245627,%,内置演示数据（首次在线更新后自动替换）
20240613,DGS2,美国2年期国债收益率,4.489992056064877,%,内置演示数据（首次在线更新后自动替换）
20240614,DGS2,美国2年期国债收益率,4.411512799986422,%,内置演示数据（首次在线更新后自动替换）
20240617,DGS2,美国2年期国债收益率,4.514678707770261,%,内置演示数据（首次在线更新后自动替换）
20240618,DGS2,美国2年期国债收益率,4.489211794449134,%,内置演示数据（首次在线更新后自动替换）
20240619,DGS2,美国2年期国债收益率,4.440243137924496,%,内置演示数据（首次在线更新后自动替换）
20240620,DGS2,美国2年期国债收益率,4.4171163439376775,%,内置演示数据（首次在线更新后自动替换）
20240621,DGS2,美国2年期国债收益率,4.391882306627861,%,内置演示数据（首次在线更新后自动替换）
20240624,DGS2,美国2年期国债收益率,4.50424542525739,%,内置演示数据（首次在线更新后自动替换）
20240625,DGS2,美国2年期国债收益率,4.396843240765517,%,内置演示数据（首次在线更新后自动替换）
20240626,DGS2,美国2年期国债收益率,4.379338195694539,%,内置演示数据（首次在线更新后自动替换）
20240627,DGS2,美国2年期国债收益率,4.417926685045462,%,内置演示数据（首次在线更新后自动替换）
20240628,DGS2,美国2年期国债收益率,4.353341302077846,%,内置演示数据（首次在线更新后自动替换）
20240701,DGS2,美国2年期国债收益率,4.365570044503461,%,内置演示数据（首次在线更新后自动替换）
20240702,DGS2,美国2年期国债收益率,4.417357042861991,%,内置演示数据（首次在线更新后自动替换）
20240703,DGS2,美国2年期国债收益率,4.39388254342957,%,内置演示数据（首次在线更新后自动替换）
20240704,DGS2,美国2年期国债收益率,4.360773902409627,%,内置演示数据（首次在线更新后自动替换）
20240705,DGS2,美国2年期国债收益率,4.365287242674093,%,内置演示数据（首次在线更新后自动替换）
20240708,DGS2,美国2年期国债收益率,4.343804999776388,%,内置演示数据（首次在线更新后自动替换）
20240709,DGS2,美国2年期国债收益率,4.347532068539882,%,内置演示数据（首次在线更新后自动替换）
20240710,DGS2,美国2年期国债收益率,4.318826158373957,%,内置演示数据（首次在线更新后自动替换）
20240711,DGS2,美国2年期国债收益率,4.31654123517885,%,内置演示数据（首次在线更新后自动替换）
20240712,DGS2,美国2年期国债收益率,4.307879221592861,%,内置演示数据（首次在线更新后自动替换）
20240715,DGS2,美国2年期国债收益率,4.29666195359338,%,内置演示数据（首次在线更新后自动替换）
20240716,DGS2,美国2年期国债收益率,4.341984217769939,%,内置演示数据（首次在线更新后自动替换）
20240717,DGS2,美国2年期国债收益率,4.325994250984047,%,内置演示数据（首次在线更新后自动替换）
20240718,DGS2,美国2年期国债收益率,4.267142245056279,%,内置演示数据（首次在线更新后自动替换）
20240719,DGS2,美国2年期国债收益率,4.251506156379436,%,内置演示数据（首次在线更新后自动替换）
20240722,DGS2,美国2年期国债收益率,4.274850750506428,%,内置演示数据（首次在线更新后自动替换）
20240723,DGS2,美国2年期国债收益率,4.336468846336597,%,内置演示数据（首次在线更新后自动替换）
20240724,DGS2,美国2年期国债收益率,4.233234151171521,%,内置演示数据（首次在线更新后自动替换）
20240725,DGS2,美国2年期国债收益率,4.251501409282814,%,内置演示数据（首次在线更新后自动替换）
20240726,DGS2,美国2年期国债收益率,4.251294147601562,%,内置演示数据（首次在线更新后自动替换）
20240729,DGS2,美国2年期国债收益率,4.237693029790185,%,内置演示数据（首次在线更新后自动替换）
20240730,DGS2,美国2年期国债收益率,4.219554916766995,%,内置演示数据（首次在线更新后自动替换）
20240731,DGS2,美国2年期国债收益率,4.260335466458736,%,内置演示数据（首次在线更新后自动替换）
20240801,DGS2,美国2年期国债收益率,4.231735378489887,%,内置演示数据（首次在线更新后自动替换）
20240802,DGS2,美国2年期国债收益率,4.235934774002961,%,内置演示数据（首次在线更新后自动替换）
20240805,DGS2,美国2年期国债收益率,4.220745173049939,%,内置演示数据（首次在线更新后自动替换）
20240806,DGS2,美国2年期国债收益率,4.222433252254511,%,内置演示数据（首次在线更新后自动替换）
20240807,DGS2,美国2年期国债收益率,4.235749551754274,%,内置演示数据（首次在线更新后自动替换）
20240808,DGS2,美国2年期国债收益率,4.2208064689572256,%,内置演示数据（首次在线更新后自动替换）
20240809,DGS2,美国2年期国债收益率,4.243335866595591,%,内置演示数据（首次在线更新后自动替换）
20240812,DGS2,美国2年期国债收益率,4.202891005363472,%,内置演示数据（首次在线更新后自动替换）
20240813,DGS2,美国2年期国债收益率,4.139132369768121,%,内置演示数据（首次在线更新后自动替换）
20240814,DGS2,美国2年期国债收益率,4.177549660674855,%,内置演示数据（首次在线更新后自动替换）
20240815,DGS2,美国2年期国债收益率,4.166430900216339,%,内置演示数据（首次在线更新后自动替换）
20240816,DGS2,美国2年期国债收益率,4.1957907192973,%,内置演示数据（首次在线更新后自动替换）
20240819,DGS2,美国2年期国债收益率,4.102311050831743,%,内置演示数据（首次在线更新后自动替换）
20240820,DGS2,美国2年期国债收益率,4.141291565435867,%,内置演示数据（首次在线更新后自动替换）
20240821,DGS2,美国2年期国债收益率,4.097434786225258,%,内置演示数据（首次在线更新后自动替换）
20240822,DGS2,美国2年期国债收益率,4.126647051837493,%,内置演示数据（首次在线更新后自动替换）
20240823,DGS2,美国2年期国债收益率,4.09832529674236,%,内置演示数据（首次在线更新后自动替换）
20240826,DGS2,美国2年期国债收益率,4.11274516581846,%,内置演示数据（首次在线更新后自动替换）
20240827,DGS2,美国2年期国债收益率,4.0497439317896085,%,内置演示数据（首次在线更新后自动替换）
20240828,DGS2,美国2年期国债收益率,4.1096465326167255,%,内置演示数据（首次在线更新后自动替换）
20240829,DGS2,美国2年期国债收益率,4.085932933287434,%,内置演示数据（首次在线更新后自动替换）
20240830,DGS2,美国2年期国债收益率,4.078327104336232,%,内置演示数据（首次在线更新后自动替换）
20240902,DGS2,美国2年期国债收益率,4.126390055138132,%,内置演示数据（首次在线更新后自动替换）
20240903,DGS2,美国2年期国债收益率,4.050645213314504,%,内置演示数据（首次在线更新后自动替换）
20240904,DGS2,美国2年期国债收益率,4.0667416540369254,%,内置演示数据（首次在线更新后自动替换）
20240905,DGS2,美国2年期国债收益率,4.0539560432528186,%,内置演示数据（首次在线更新后自动替换）
20240906,DGS2,美国2年期国债收益率,4.051486311695914,%,内置演示数据（首次在线更新后自动替换）
20240909,DGS2,美国2年期国债收益率,4.106922120186576,%,内置演示数据（首次在线更新后自动替换）
20240910,DGS2,美国2年期国债收益率,4.037033339414637,%,内置演示数据（首次在线更新后自动替换）
20240911,DGS2,美国2年期国债收益率,4.01308265623922,%,内置演示数据（首次在线更新后自动替换）
20240912,DGS2,美国2年期国债收益率,4.081343335616091,%,内置演示数据（首次在线更新后自动替换）
20240913,DGS2,美国2年期国债收益率,4.011236480412367,%,内置演示数据（首次在线更新后自动替换）
20240916,DGS2,美国2年期国债收益率,3.9677007258183736,%,内置演示数据（首次在线更新后自动替换）
20240917,DGS2,美国2年期国债收益率,3.989159998116589,%,内置演示数据（首次在线更新后自动替换）
20240918,DGS2,美国2年期国债收益率,3.969659443470997,%,内置演示数据（首次在线更新后自动替换）
20240919,DGS2,美国2年期国债收益率,3.9488745205087104,%,内置演示数据（首次在线更新后自动替换）
20240920,DGS2,美国2年期国债收益率,3.9879461736782824,%,内置演示数据（首次在线更新后自动替换）
20240923,DGS2,美国2年期国债收益率,3.992842000697041,%,内置演示数据（首次在线更新后自动替换）
20240924,DGS2,美国2年期国债收益率,4.026626809481939,%,内置演示数据（首次在线更新后自动替换）
20240925,DGS2,美国2年期国债收益率,4.006507994896495,%,内置演示数据（首次在线更新后自动替换）
20240926,DGS2,美国2年期国债收益率,4.001710202728896,%,内置演示数据（首次在线更新后自动替换）
20240927,DGS2,美国2年期国债收益率,3.954124046862542,%,内置演示数据（首次在线更新后自动替换）
20240930,DGS2,美国2年期国债收益率,4.004351082125575,%,内置演示数据（首次在线更新后自动替换）
20241001,DGS2,美国2年期国债收益率,4.016581909647195,%,内置演示数据（首次在线更新后自动替换）
20241002,DGS2,美国2年期国债收益率,3.9838844553901,%,内置演示数据（首次在线更新后自动替换）
20241003,DGS2,美国2年期国债收益率,3.982087204093028,%,内置演示数据（首次在线更新后自动替换）
20241004,DGS2,美国2年期国债收益率,3.92899850514767,%,内置演示数据（首次在线更新后自动替换）
20241007,DGS2,美国2年期国债收益率,3.9962644121655484,%,内置演示数据（首次在线更新后自动替换）
20241008,DGS2,美国2年期国债收益率,4.01591392553777,%,内置演示数据（首次在线更新后自动替换）
20241009,DGS2,美国2年期国债收益率,3.9702019174193346,%,内置演示数据（首次在线更新后自动替换）
20241010,DGS2,美国2年期国债收益率,3.94087460430158,%,内置演示数据（首次在线更新后自动替换）
20241011,DGS2,美国2年期国债收益率,3.952205987823338,%,内置演示数据（首次在线更新后自动替换）
20241014,DGS2,美国2年期国债收益率,3.942983066139613,%,内置演示数据（首次在线更新后自动替换）
20241015,DGS2,美国2年期国债收益率,3.943482121286952,%,内置演示数据（首次在线更新后自动替换）
20241016,DGS2,美国2年期国债收益率,3.9726057372758765,%,内置演示数据（首次在线更新后自动替换）
20241017,DGS2,美国2年期国债收益率,3.9605920720783976,%,内置演示数据（首次在线更新后自动替换）
20241018,DGS2,美国2年期国债收益率,3.981539892265271,%,内置演示数据（首次在线更新后自动替换）
20241021,DGS2,美国2年期国债收益率,3.961934646089229,%,内置演示数据（首次在线更新后自动替换）
20241022,DGS2,美国2年期国债收益率,3.9244431397963795,%,内置演示数据（首次在线更新后自动替换）
20241023,DGS2,美国2年期国债收益率,3.9350758793394593,%,内置演示数据（首次在线更新后自动替换）
20241024,DGS2,美国2年期国债收益率,3.9331150535825543,%,内置演示数据（首次在线更新后自动替换）
20241025,DGS2,美国2年期国债收益率,3.944482661431325,%,内置演示数据（首次在线更新后自动替换）
20241028,DGS2,美国2年期国债收益率,4.004167446923104,%,内置演示数据（首次在线更新后自动替换）
20241029,DGS2,美国2年期国债收益率,4.009394967775539,%,内置演示数据（首次在线更新后自动替换）
20241030,DGS2,美国2年期国债收益率,3.976440422920853,%,内置演示数据（首次在线更新后自动替换）
20241031,DGS2,美国2年期国债收益率,3.955671877207527,%,内置演示数据（首次在线更新后自动替换）
20241101,DGS2,美国2年期国债收益率,3.912197764085502,%,内置演示数据（首次在线更新后自动替换）
20241104,DGS2,美国2年期国债收益率,3.960757274811479,%,内置演示数据（首次在线更新后自动替换）
20241105,DGS2,美国2年期国债收益率,3.9317372813412717,%,内置演示数据（首次在线更新后自动替换）
20241106,DGS2,美国2年期国债收益率,4.005803779044919,%,内置演示数据（首次在线更新后自动替换）
20241107,DGS2,美国2年期国债收益率,3.9103250043595152,%,内置演示数据（首次在线更新后自动替换）
20241108,DGS2,美国2年期国债收益率,3.9718313889569488,%,内置演示数据（首次在线更新后自动替换）
20241111,DGS2,美国2年期国债收益率,3.936026109265532,%,内置演示数据（首次在线更新后自动替换）
20241112,DGS2,美国2年期国债收益率,3.964091048303397,%,内置演示数据（首次在线更新后自动替换）
20241113,DGS2,美国2年期国债收益率,3.9866474960277176,%,内置演示数据（首次在线更新后自动替换）
20241114,DGS2,美国2年期国债收益率,3.999778060312549,%,内置演示数据（首次在线更新后自动替换）
20241115,DGS2,美国2年期国债收益率,3.969915234252615,%,内置演示数据（首次在线更新后自动替换）
20241118,DGS2,美国2年期国债收益率,3.9973514764550813,%,内置演示数据（首次在线更新后自动替换）
20241119,DGS2,美国2年期国债收益率,3.9575806433891483,%,内置演示数据（首次在线更新后自动替换）
20241120,DGS2,美国2年期国债收益率,3.987919939340635,%,内置演示数据（首次在线更新后自动替换）
20241121,DGS2,美国2年期国债收益率,4.013876796404691,%,内置演示数据（首次在线更新后自动替换）
20241122,DGS2,美国2年期国债收益率,3.9971864809907767,%,内置演示数据（首次在线更新后自动替换）
20241125,DGS2,美国2年期国债收益率,3.974910559606747,%,内置演示数据（首次在线更新后自动替换）
20241126,DGS2,美国2年期国债收益率,3.986139662905156,%,内置演示数据（首次在线更新后自动替换）
20241127,DGS2,美国2年期国债收益率,4.02885153183259,%,内置演示数据（首次在线更新后自动替换）
20241128,DGS2,美国2年期国债收益率,3.969646368577574,%,内置演示数据（首次在线更新后自动替换）
20241129,DGS2,美国2年期国债收益率,3.9782390662666964,%,内置演示数据（首次在线更新后自动替换）
20241202,DGS2,美国2年期国债收益率,4.028927894754151,%,内置演示数据（首次在线更新后自动替换）
20241203,DGS2,美国2年期国债收益率,4.002160405115093,%,内置演示数据（首次在线更新后自动替换）
20241204,DGS2,美国2年期国债收益率,3.9763380177178957,%,内置演示数据（首次在线更新后自动替换）
20241205,DGS2,美国2年期国债收益率,4.065187674874736,%,内置演示数据（首次在线更新后自动替换）
20241206,DGS2,美国2年期国债收益率,3.996544420719007,%,内置演示数据（首次在线更新后自动替换）
20241209,DGS2,美国2年期国债收益率,4.028552402183778,%,内置演示数据（首次在线更新后自动替换）
20241210,DGS2,美国2年期国债收益率,4.02108364478374,%,内置演示数据（首次在线更新后自动替换）
20241211,DGS2,美国2年期国债收益率,4.0360012741368525,%,内置演示数据（首次在线更新后自动替换）
20241212,DGS2,美国2年期国债收益率,4.023781664014244,%,内置演示数据（首次在线更新后自动替换）
20241213,DGS2,美国2年期国债收益率,4.077260387484467,%,内置演示数据（首次在线更新后自动替换）
20241216,DGS2,美国2年期国债收益率,4.064789050515833,%,内置演示数据（首次在线更新后自动替换）
20241217,DGS2,美国2年期国债收益率,4.0967240776137395,%,内置演示数据（首次在线更新后自动替换）
20241218,DGS2,美国2年期国债收益率,4.054804499468737,%,内置演示数据（首次在线更新后自动替换）
20241219,DGS2,美国2年期国债收益率,4.143047329843164,%,内置演示数据（首次在线更新后自动替换）
20241220,DGS2,美国2年期国债收益率,4.028003447433262,%,内置演示数据（首次在线更新后自动替换）
20241223,DGS2,美国2年期国债收益率,4.043781195914301,%,内置演示数据（首次在线更新后自动替换）
20241224,DGS2,美国2年期国债收益率,4.1502231608209845,%,内置演示数据（首次在线更新后自动替换）
20241225,DGS2,美国2年期国债收益率,4.118247169036474,%,内置演示数据（首次在线更新后自动替换）
20241226,DGS2,美国2年期国债收益率,4.120759578469759,%,内置演示数据（首次在线更新后自动替换）
20241227,DGS2,美国2年期国债收益率,4.130041899672012,%,内置演示数据（首次在线更新后自动替换）
20241230,DGS2,美国2年期国债收益率,4.140915818504503,%,内置演示数据（首次在线更新后自动替换）
20241231,DGS2,美国2年期国债收益率,4.13953561079897,%,内置演示数据（首次在线更新后自动替换）
20250101,DGS2,美国2年期国债收益率,4.108412102456432,%,内置演示数据（首次在线更新后自动替换）
20250102,DGS2,美国2年期国债收益率,4.1688619206833195,%,内置演示数据（首次在线更新后自动替换）
20250103,DGS2,美国2年期国债收益率,4.171140373931546,%,内置演示数据（首次在线更新后自动替换）
20250106,DGS2,美国2年期国债收益率,4.201250215229017,%,内置演示数据（首次在线更新后自动替换）
20250107,DGS2,美国2年期国债收益率,4.21847169076639,%,内置演示数据（首次在线更新后自动替换）
20250108,DGS2,美国2年期国债收益率,4.182672313547102,%,内置演示数据（首次在线更新后自动替换）
20250109,DGS2,美国2年期国债收益率,4.143207966281675,%,内置演示数据（首次在线更新后自动替换）
20250110,DGS2,美国2年期国债收益率,4.240545770215055,%,内置演示数据（首次在线更新后自动替换）
20250113,DGS2,美国2年期国债收益率,4.164216847120869,%,内置演示数据（首次在线更新后自动替换）
20250114,DGS2,美国2年期国债收益率,4.212343501440547,%,内置演示数据（首次在线更新后自动替换）
20250115,DGS2,美国2年期国债收益率,4.201994080346519,%,内置演示数据（首次在线更新后自动替换）
20250116,DGS2,美国2年期国债收益率,4.20431345282667,%,内置演示数据（首次在线更新后自动替换）
20250117,DGS2,美国2年期国债收益率,4.247738203470313,%,内置演示数据（首次在线更新后自动替换）
20250120,DGS2,美国2年期国债收益率,4.239757104025895,%,内置演示数据（首次在线更新后自动替换）
20250121,DGS2,美国2年期国债收益率,4.255468046838062,%,内置演示数据（首次在线更新后自动替换）
20250122,DGS2,美国2年期国债收益率,4.223277292895042,%,内置演示数据（首次在线更新后自动替换）
20250123,DGS2,美国2年期国债收益率,4.250228514592031,%,内置演示数据（首次在线更新后自动替换）
20250124,DGS2,美国2年期国债收益率,4.240089594828995,%,内置演示数据（首次在线更新后自动替换）
20250127,DGS2,美国2年期国债收益率,4.264946561374552,%,内置演示数据（首次在线更新后自动替换）
20250128,DGS2,美国2年期国债收益率,4.275113267597881,%,内置演示数据（首次在线更新后自动替换）
20250129,DGS2,美国2年期国债收益率,4.341773214740763,%,内置演示数据（首次在线更新后自动替换）
20250130,DGS2,美国2年期国债收益率,4.286437083312562,%,内置演示数据（首次在线更新后自动替换）
20250131,DGS2,美国2年期国债收益率,4.238228293039051,%,内置演示数据（首次在线更新后自动替换）
20250203,DGS2,美国2年期国债收益率,4.3516255071646075,%,内置演示数据（首次在线更新后自动替换）
20250204,DGS2,美国2年期国债收益率,4.331022234679541,%,内置演示数据（首次在线更新后自动替换）
20250205,DGS2,美国2年期国债收益率,4.321377169264835,%,内置演示数据（首次在线更新后自动替换）
20250206,DGS2,美国2年期国债收益率,4.31994155313045,%,内置演示数据（首次在线更新后自动替换）
20250207,DGS2,美国2年期国债收益率,4.312384452015966,%,内置演示数据（首次在线更新后自动替换）
20250210,DGS2,美国2年期国债收益率,4.406647728693616,%,内置演示数据（首次在线更新后自动替换）
20250211,DGS2,美国2年期国债收益率,4.3577517437885325,%,内置演示数据（首次在线更新后自动替换）
20250212,DGS2,美国2年期国债收益率,4.311726224006782,%,内置演示数据（首次在线更新后自动替换）
20250213,DGS2,美国2年期国债收益率,4.381321786600714,%,内置演示数据（首次在线更新后自动替换）
20250214,DGS2,美国2年期国债收益率,4.415270261907863,%,内置演示数据（首次在线更新后自动替换）
20250217,DGS2,美国2年期国债收益率,4.391334623373507,%,内置演示数据（首次在线更新后自动替换）
20250218,DGS2,美国2年期国债收益率,4.367107467426763,%,内置演示数据（首次在线更新后自动替换）
20250219,DGS2,美国2年期国债收益率,4.371890236764591,%,内置演示数据（首次在线更新后自动替换）
20250220,DGS2,美国2年期国债收益率,4.381519909398105,%,内置演示数据（首次在线更新后自动替换）
20250221,DGS2,美国2年期国债收益率,4.4620523845858955,%,内置演示数据（首次在线更新后自动替换）
20250224,DGS2,美国2年期国债收益率,4.421558410040202,%,内置演示数据（首次在线更新后自动替换）
20250225,DGS2,美国2年期国债收益率,4.380591198259568,%,内置演示数据（首次在线更新后自动替换）
20250226,DGS2,美国2年期国债收益率,4.44965688202515,%,内置演示数据（首次在线更新后自动替换）
20250227,DGS2,美国2年期国债收益率,4.449475690413894,%,内置演示数据（首次在线更新后自动替换）
20250228,DGS2,美国2年期国债收益率,4.438817722666785,%,内置演示数据（首次在线更新后自动替换）
20250303,DGS2,美国2年期国债收益率,4.428637184646888,%,内置演示数据（首次在线更新后自动替换）
20250304,DGS2,美国2年期国债收益率,4.434218702556107,%,内置演示数据（首次在线更新后自动替换）
20250305,DGS2,美国2年期国债收益率,4.5055386873625025,%,内置演示数据（首次在线更新后自动替换）
20250306,DGS2,美国2年期国债收益率,4.48708378312872,%,内置演示数据（首次在线更新后自动替换）
20250307,DGS2,美国2年期国债收益率,4.5006477154051785,%,内置演示数据（首次在线更新后自动替换）
20250310,DGS2,美国2年期国债收益率,4.500169187274893,%,内置演示数据（首次在线更新后自动替换）
20250311,DGS2,美国2年期国债收益率,4.509099882650651,%,内置演示数据（首次在线更新后自动替换）
20250312,DGS2,美国2年期国债收益率,4.491561779611931,%,内置演示数据（首次在线更新后自动替换）
20250313,DGS2,美国2年期国债收益率,4.505681603480385,%,内置演示数据（首次在线更新后自动替换）
20250314,DGS2,美国2年期国债收益率,4.552942086696906,%,内置演示数据（首次在线更新后自动替换）
20250317,DGS2,美国2年期国债收益率,4.566463038698344,%,内置演示数据（首次在线更新后自动替换）
20250318,DGS2,美国2年期国债收益率,4.493282549918783,%,内置演示数据（首次在线更新后自动替换）
20250319,DGS2,美国2年期国债收益率,4.529503971879759,%,内置演示数据（首次在线更新后自动替换）
20250320,DGS2,美国2年期国债收益率,4.56662030914431,%,内置演示数据（首次在线更新后自动替换）
20250321,DGS2,美国2年期国债收益率,4.603474926255979,%,内置演示数据（首次在线更新后自动替换）
20250324,DGS2,美国2年期国债收益率,4.605920131165754,%,内置演示数据（首次在线更新后自动替换）
20250325,DGS2,美国2年期国债收益率,4.533912751575716,%,内置演示数据（首次在线更新后自动替换）
20250326,DGS2,美国2年期国债收益率,4.601233715632644,%,内置演示数据（首次在线更新后自动替换）
20250327,DGS2,美国2年期国债收益率,4.569808404737991,%,内置演示数据（首次在线更新后自动替换）
20250328,DGS2,美国2年期国债收益率,4.604316433844166,%,内置演示数据（首次在线更新后自动替换）
20250331,DGS2,美国2年期国债收益率,4.601432112771842,%,内置演示数据（首次在线更新后自动替换）
20250401,DGS2,美国2年期国债收益率,4.5445274772229745,%,内置演示数据（首次在线更新后自动替换）
20250402,DGS2,美国2年期国债收益率,4.603468789388295,%,内置演示数据（首次在线更新后自动替换）
20250403,DGS2,美国2年期国债收益率,4.6215219330776085,%,内置演示数据（首次在线更新后自动替换）
20250404,DGS2,美国2年期国债收益率,4.594983971211024,%,内置演示数据（首次在线更新后自动替换）
20250407,DGS2,美国2年期国债收益率,4.5922907658756085,%,内置演示数据（首次在线更新后自动替换）
20250408,DGS2,美国2年期国债收益率,4.55647398701339,%,内置演示数据（首次在线更新后自动替换）
20250409,DGS2,美国2年期国债收益率,4.627926143974508,%,内置演示数据（首次在线更新后自动替换）
20250410,DGS2,美国2年期国债收益率,4.617321978701448,%,内置演示数据（首次在线更新后自动替换）
20250411,DGS2,美国2年期国债收益率,4.586882316092766,%,内置演示数据（首次在线更新后自动替换）
20250414,DGS2,美国2年期国债收益率,4.608105613623511,%,内置演示数据（首次在线更新后自动替换）
20250415,DGS2,美国2年期国债收益率,4.62569191927975,%,内置演示数据（首次在线更新后自动替换）
20250416,DGS2,美国2年期国债收益率,4.607315216356224,%,内置演示数据（首次在线更新后自动替换）
20250417,DGS2,美国2年期国债收益率,4.627012041974319,%,内置演示数据（首次在线更新后自动替换）
20250418,DGS2,美国2年期国债收益率,4.57712974573098,%,内置演示数据（首次在线更新后自动替换）
20250421,DGS2,美国2年期国债收益率,4.672643600625794,%,内置演示数据（首次在线更新后自动替换）
20250422,DGS2,美国2年期国债收益率,4.635007429493847,%,内置演示数据（首次在线更新后自动替换）
20250423,DGS2,美国2年期国债收益率,4.603753553698476,%,内置演示数据（首次在线更新后自动替换）
20250424,DGS2,美国2年期国债收益率,4.56498061975939,%,内置演示数据（首次在线更新后自动替换）
20250425,DGS2,美国2年期国债收益率,4.671516371886172,%,内置演示数据（首次在线更新后自动替换）
20250428,DGS2,美国2年期国债收益率,4.65908729717205,%,内置演示数据（首次在线更新后自动替换）
20250429,DGS2,美国2年期国债收益率,4.650198296849302,%,内置演示数据（首次在线更新后自动替换）
20250430,DGS2,美国2年期国债收益率,4.671150531165549,%,内置演示数据（首次在线更新后自动替换）
20250501,DGS2,美国2年期国债收益率,4.672260926287085,%,内置演示数据（首次在线更新后自动替换）
20250502,DGS2,美国2年期国债收益率,4.653288928304639,%,内置演示数据（首次在线更新后自动替换）
20250505,DGS2,美国2年期国债收益率,4.640679595446768,%,内置演示数据（首次在线更新后自动替换）
20250506,DGS2,美国2年期国债收益率,4.636470013871898,%,内置演示数据（首次在线更新后自动替换）
20250507,DGS2,美国2年期国债收益率,4.662118431598267,%,内置演示数据（首次在线更新后自动替换）
20250508,DGS2,美国2年期国债收益率,4.6917344405418,%,内置演示数据（首次在线更新后自动替换）
20250509,DGS2,美国2年期国债收益率,4.6468969873339505,%,内置演示数据（首次在线更新后自动替换）
20250512,DGS2,美国2年期国债收益率,4.694266163295572,%,内置演示数据（首次在线更新后自动替换）
20250513,DGS2,美国2年期国债收益率,4.660981355477778,%,内置演示数据（首次在线更新后自动替换）
20250514,DGS2,美国2年期国债收益率,4.660849723381153,%,内置演示数据（首次在线更新后自动替换）
20250515,DGS2,美国2年期国债收益率,4.721051940969774,%,内置演示数据（首次在线更新后自动替换）
20250516,DGS2,美国2年期国债收益率,4.697776377518186,%,内置演示数据（首次在线更新后自动替换）
20250519,DGS2,美国2年期国债收益率,4.697679740863519,%,内置演示数据（首次在线更新后自动替换）
20250520,DGS2,美国2年期国债收益率,4.6223469765671785,%,内置演示数据（首次在线更新后自动替换）
20250521,DGS2,美国2年期国债收益率,4.710823791015338,%,内置演示数据（首次在线更新后自动替换）
20250522,DGS2,美国2年期国债收益率,4.641204349603342,%,内置演示数据（首次在线更新后自动替换）
20250523,DGS2,美国2年期国债收益率,4.635288948492935,%,内置演示数据（首次在线更新后自动替换）
20250526,DGS2,美国2年期国债收益率,4.57561012386502,%,内置演示数据（首次在线更新后自动替换）
20250527,DGS2,美国2年期国债收益率,4.64828210767293,%,内置演示数据（首次在线更新后自动替换）
20250528,DGS2,美国2年期国债收益率,4.603931420514778,%,内置演示数据（首次在线更新后自动替换）
20250529,DGS2,美国2年期国债收益率,4.646452177994059,%,内置演示数据（首次在线更新后自动替换）
20250530,DGS2,美国2年期国债收益率,4.5969651005214995,%,内置演示数据（首次在线更新后自动替换）
20250602,DGS2,美国2年期国债收益率,4.683186689971764,%,内置演示数据（首次在线更新后自动替换）
20250603,DGS2,美国2年期国债收益率,4.643083965329713,%,内置演示数据（首次在线更新后自动替换）
20250604,DGS2,美国2年期国债收益率,4.6920526992429,%,内置演示数据（首次在线更新后自动替换）
20250605,DGS2,美国2年期国债收益率,4.5899258127338785,%,内置演示数据（首次在线更新后自动替换）
20250606,DGS2,美国2年期国债收益率,4.663893570091196,%,内置演示数据（首次在线更新后自动替换）
20250609,DGS2,美国2年期国债收益率,4.559981736035961,%,内置演示数据（首次在线更新后自动替换）
20250610,DGS2,美国2年期国债收益率,4.6167952021273715,%,内置演示数据（首次在线更新后自动替换）
20250611,DGS2,美国2年期国债收益率,4.587940720356594,%,内置演示数据（首次在线更新后自动替换）
20250612,DGS2,美国2年期国债收益率,4.5896356499277084,%,内置演示数据（首次在线更新后自动替换）
20250613,DGS2,美国2年期国债收益率,4.583614725293633,%,内置演示数据（首次在线更新后自动替换）
20250616,DGS2,美国2年期国债收益率,4.567555701741224,%,内置演示数据（首次在线更新后自动替换）
20250617,DGS2,美国2年期国债收益率,4.552948435944614,%,内置演示数据（首次在线更新后自动替换）
20250618,DGS2,美国2年期国债收益率,4.573064609830034,%,内置演示数据（首次在线更新后自动替换）
20250619,DGS2,美国2年期国债收益率,4.585275199477195,%,内置演示数据（首次在线更新后自动替换）
20250620,DGS2,美国2年期国债收益率,4.61202295980204,%,内置演示数据（首次在线更新后自动替换）
20250623,DGS2,美国2年期国债收益率,4.581153582682118,%,内置演示数据（首次在线更新后自动替换）
20250624,DGS2,美国2年期国债收益率,4.602335758322056,%,内置演示数据（首次在线更新后自动替换）
20250625,DGS2,美国2年期国债收益率,4.5179087135250695,%,内置演示数据（首次在线更新后自动替换）
20250626,DGS2,美国2年期国债收益率,4.544049902084677,%,内置演示数据（首次在线更新后自动替换）
20250627,DGS2,美国2年期国债收益率,4.573027168793944,%,内置演示数据（首次在线更新后自动替换）
20250630,DGS2,美国2年期国债收益率,4.556526491147141,%,内置演示数据（首次在线更新后自动替换）
20250701,DGS2,美国2年期国债收益率,4.514807671849796,%,内置演示数据（首次在线更新后自动替换）
20250702,DGS2,美国2年期国债收益率,4.562958317748522,%,内置演示数据（首次在线更新后自动替换）
20250703,DGS2,美国2年期国债收益率,4.513175368091544,%,内置演示数据（首次在线更新后自动替换）
20250704,DGS2,美国2年期国债收益率,4.499856831430356,%,内置演示数据（首次在线更新后自动替换）
20250707,DGS2,美国2年期国债收益率,4.531740139115709,%,内置演示数据（首次在线更新后自动替换）
20250708,DGS2,美国2年期国债收益率,4.511163534167997,%,内置演示数据（首次在线更新后自动替换）
20250709,DGS2,美国2年期国债收益率,4.489033647461258,%,内置演示数据（首次在线更新后自动替换）
20250710,DGS2,美国2年期国债收益率,4.481656433420373,%,内置演示数据（首次在线更新后自动替换）
20250711,DGS2,美国2年期国债收益率,4.459812104095551,%,内置演示数据（首次在线更新后自动替换）
20250714,DGS2,美国2年期国债收益率,4.4734823151207666,%,内置演示数据（首次在线更新后自动替换）
20250715,DGS2,美国2年期国债收益率,4.511712270530622,%,内置演示数据（首次在线更新后自动替换）
20250716,DGS2,美国2年期国债收益率,4.4793174771175375,%,内置演示数据（首次在线更新后自动替换）
20250717,DGS2,美国2年期国债收益率,4.493922836037335,%,内置演示数据（首次在线更新后自动替换）
20250718,DGS2,美国2年期国债收益率,4.473749560517137,%,内置演示数据（首次在线更新后自动替换）
20250721,DGS2,美国2年期国债收益率,4.432924455374609,%,内置演示数据（首次在线更新后自动替换）
20250722,DGS2,美国2年期国债收益率,4.3947672315910875,%,内置演示数据（首次在线更新后自动替换）
20250723,DGS2,美国2年期国债收益率,4.40931423972012,%,内置演示数据（首次在线更新后自动替换）
20250724,DGS2,美国2年期国债收益率,4.40979348642507,%,内置演示数据（首次在线更新后自动替换）
20250725,DGS2,美国2年期国债收益率,4.400219604146545,%,内置演示数据（首次在线更新后自动替换）
20250728,DGS2,美国2年期国债收益率,4.444793638772264,%,内置演示数据（首次在线更新后自动替换）
20250729,DGS2,美国2年期国债收益率,4.437109678624576,%,内置演示数据（首次在线更新后自动替换）
20250730,DGS2,美国2年期国债收益率,4.4669240702797115,%,内置演示数据（首次在线更新后自动替换）
20250731,DGS2,美国2年期国债收益率,4.3701820413793016,%,内置演示数据（首次在线更新后自动替换）
20250801,DGS2,美国2年期国债收益率,4.43349715084656,%,内置演示数据（首次在线更新后自动替换）
20250804,DGS2,美国2年期国债收益率,4.42574948610501,%,内置演示数据（首次在线更新后自动替换）
20250805,DGS2,美国2年期国债收益率,4.363442802867026,%,内置演示数据（首次在线更新后自动替换）
20250806,DGS2,美国2年期国债收益率,4.376981853896618,%,内置演示数据（首次在线更新后自动替换）
20250807,DGS2,美国2年期国债收益率,4.39233066702376,%,内置演示数据（首次在线更新后自动替换）
20250808,DGS2,美国2年期国债收益率,4.345647195392872,%,内置演示数据（首次在线更新后自动替换）
20250811,DGS2,美国2年期国债收益率,4.335606031460814,%,内置演示数据（首次在线更新后自动替换）
20250812,DGS2,美国2年期国债收益率,4.313140909810638,%,内置演示数据（首次在线更新后自动替换）
20250813,DGS2,美国2年期国债收益率,4.253407341974786,%,内置演示数据（首次在线更新后自动替换）
20250814,DGS2,美国2年期国债收益率,4.3185581567982085,%,内置演示数据（首次在线更新后自动替换）
20250815,DGS2,美国2年期国债收益率,4.287375319085073,%,内置演示数据（首次在线更新后自动替换）
20250818,DGS2,美国2年期国债收益率,4.268634048809209,%,内置演示数据（首次在线更新后自动替换）
20250819,DGS2,美国2年期国债收益率,4.305782923917152,%,内置演示数据（首次在线更新后自动替换）
20250820,DGS2,美国2年期国债收益率,4.241803872869643,%,内置演示数据（首次在线更新后自动替换）
20250821,DGS2,美国2年期国债收益率,4.301758940122423,%,内置演示数据（首次在线更新后自动替换）
20250822,DGS2,美国2年期国债收益率,4.2843288989877735,%,内置演示数据（首次在线更新后自动替换）
20250825,DGS2,美国2年期国债收益率,4.2500744019613155,%,内置演示数据（首次在线更新后自动替换）
20250826,DGS2,美国2年期国债收益率,4.252458894566572,%,内置演示数据（首次在线更新后自动替换）
20250827,DGS2,美国2年期国债收益率,4.21095211139886,%,内置演示数据（首次在线更新后自动替换）
20250828,DGS2,美国2年期国债收益率,4.261495784672918,%,内置演示数据（首次在线更新后自动替换）
20250829,DGS2,美国2年期国债收益率,4.236963565466824,%,内置演示数据（首次在线更新后自动替换）
20250901,DGS2,美国2年期国债收益率,4.231589052011069,%,内置演示数据（首次在线更新后自动替换）
20250902,DGS2,美国2年期国债收益率,4.231218840794583,%,内置演示数据（首次在线更新后自动替换）
20250903,DGS2,美国2年期国债收益率,4.189359642732488,%,内置演示数据（首次在线更新后自动替换）
20250904,DGS2,美国2年期国债收益率,4.155575450737779,%,内置演示数据（首次在线更新后自动替换）
20250905,DGS2,美国2年期国债收益率,4.222430658258122,%,内置演示数据（首次在线更新后自动替换）
20250908,DGS2,美国2年期国债收益率,4.206989053626688,%,内置演示数据（首次在线更新后自动替换）
20250909,DGS2,美国2年期国债收益率,4.162939263585034,%,内置演示数据（首次在线更新后自动替换）
20250910,DGS2,美国2年期国债收益率,4.184005610735726,%,内置演示数据（首次在线更新后自动替换）
20250911,DGS2,美国2年期国债收益率,4.202267124467121,%,内置演示数据（首次在线更新后自动替换）
20250912,DGS2,美国2年期国债收益率,4.191551458980775,%,内置演示数据（首次在线更新后自动替换）
20250915,DGS2,美国2年期国债收益率,4.133386604956489,%,内置演示数据（首次在线更新后自动替换）
20250916,DGS2,美国2年期国债收益率,4.098667385191081,%,内置演示数据（首次在线更新后自动替换）
20250917,DGS2,美国2年期国债收益率,4.096897973481353,%,内置演示数据（首次在线更新后自动替换）
20250918,DGS2,美国2年期国债收益率,4.120227638070082,%,内置演示数据（首次在线更新后自动替换）
20250919,DGS2,美国2年期国债收益率,4.166698078095454,%,内置演示数据（首次在线更新后自动替换）
20250922,DGS2,美国2年期国债收益率,4.0943118358373765,%,内置演示数据（首次在线更新后自动替换）
20250923,DGS2,美国2年期国债收益率,4.091702775598439,%,内置演示数据（首次在线更新后自动替换）
20250924,DGS2,美国2年期国债收益率,4.0846067157030115,%,内置演示数据（首次在线更新后自动替换）
20250925,DGS2,美国2年期国债收益率,4.080780785844969,%,内置演示数据（首次在线更新后自动替换）
20250926,DGS2,美国2年期国债收益率,4.09011494027612,%,内置演示数据（首次在线更新后自动替换）
20250929,DGS2,美国2年期国债收益率,4.0458727525883225,%,内置演示数据（首次在线更新后自动替换）
20250930,DGS2,美国2年期国债收益率,4.110734095587614,%,内置演示数据（首次在线更新后自动替换）
20251001,DGS2,美国2年期国债收益率,4.067897228359245,%,内置演示数据（首次在线更新后自动替换）
20251002,DGS2,美国2年期国债收益率,4.140766930269783,%,内置演示数据（首次在线更新后自动替换）
20251003,DGS2,美国2年期国债收益率,4.02545215218701,%,内置演示数据（首次在线更新后自动替换）
20251006,DGS2,美国2年期国债收益率,4.102739844497007,%,内置演示数据（首次在线更新后自动替换）
20251007,DGS2,美国2年期国债收益率,4.091289759498048,%,内置演示数据（首次在线更新后自动替换）
20251008,DGS2,美国2年期国债收益率,4.031828089729525,%,内置演示数据（首次在线更新后自动替换）
20251009,DGS2,美国2年期国债收益率,4.027082330377856,%,内置演示数据（首次在线更新后自动替换）
20251010,DGS2,美国2年期国债收益率,4.0061796691903195,%,内置演示数据（首次在线更新后自动替换）
20251013,DGS2,美国2年期国债收益率,4.001539858001882,%,内置演示数据（首次在线更新后自动替换）
20251014,DGS2,美国2年期国债收益率,4.023966122728625,%,内置演示数据（首次在线更新后自动替换）
20251015,DGS2,美国2年期国债收益率,4.019891279651716,%,内置演示数据（首次在线更新后自动替换）
20251016,DGS2,美国2年期国债收益率,3.9666244672147957,%,内置演示数据（首次在线更新后自动替换）
20251017,DGS2,美国2年期国债收益率,4.079065895519797,%,内置演示数据（首次在线更新后自动替换）
20251020,DGS2,美国2年期国债收益率,3.9981839159322186,%,内置演示数据（首次在线更新后自动替换）
20251021,DGS2,美国2年期国债收益率,4.0037916701011,%,内置演示数据（首次在线更新后自动替换）
20251022,DGS2,美国2年期国债收益率,3.979037300612381,%,内置演示数据（首次在线更新后自动替换）
20251023,DGS2,美国2年期国债收益率,3.9859644756383434,%,内置演示数据（首次在线更新后自动替换）
20251024,DGS2,美国2年期国债收益率,3.979539874025526,%,内置演示数据（首次在线更新后自动替换）
20251027,DGS2,美国2年期国债收益率,3.98664270386183,%,内置演示数据（首次在线更新后自动替换）
20251028,DGS2,美国2年期国债收益率,3.982902013161347,%,内置演示数据（首次在线更新后自动替换）
20251029,DGS2,美国2年期国债收益率,4.004251163784545,%,内置演示数据（首次在线更新后自动替换）
20251030,DGS2,美国2年期国债收益率,3.983845200548481,%,内置演示数据（首次在线更新后自动替换）
20251031,DGS2,美国2年期国债收益率,3.995240007639537,%,内置演示数据（首次在线更新后自动替换）
20251103,DGS2,美国2年期国债收益率,3.971061032926976,%,内置演示数据（首次在线更新后自动替换）
20251104,DGS2,美国2年期国债收益率,3.9756990617598387,%,内置演示数据（首次在线更新后自动替换）
20251105,DGS2,美国2年期国债收益率,3.95909200999559,%,内置演示数据（首次在线更新后自动替换）
20251106,DGS2,美国2年期国债收益率,3.9941589958205928,%,内置演示数据（首次在线更新后自动替换）
20251107,DGS2,美国2年期国债收益率,3.9716446666727747,%,内置演示数据（首次在线更新后自动替换）
20251110,DGS2,美国2年期国债收益率,3.955291021652733,%,内置演示数据（首次在线更新后自动替换）
20251111,DGS2,美国2年期国债收益率,3.952631114649954,%,内置演示数据（首次在线更新后自动替换）
20251112,DGS2,美国2年期国债收益率,3.953395139239318,%,内置演示数据（首次在线更新后自动替换）
20251113,DGS2,美国2年期国债收益率,3.9561590755338383,%,内置演示数据（首次在线更新后自动替换）
20251114,DGS2,美国2年期国债收益率,3.9522986051362246,%,内置演示数据（首次在线更新后自动替换）
20251117,DGS2,美国2年期国债收益率,3.936138731247417,%,内置演示数据（首次在线更新后自动替换）
20251118,DGS2,美国2年期国债收益率,3.9749369386806945,%,内置演示数据（首次在线更新后自动替换）
20251119,DGS2,美国2年期国债收益率,3.9760899926744306,%,内置演示数据（首次在线更新后自动替换）
20251120,DGS2,美国2年期国债收益率,4.004193425174737,%,内置演示数据（首次在线更新后自动替换）
20251121,DGS2,美国2年期国债收益率,3.9321713335888657,%,内置演示数据（首次在线更新后自动替换）
20251124,DGS2,美国2年期国债收益率,3.970048585549842,%,内置演示数据（首次在线更新后自动替换）
20251125,DGS2,美国2年期国债收益率,3.8927293082187733,%,内置演示数据（首次在线更新后自动替换）
20251126,DGS2,美国2年期国债收益率,3.974995554270812,%,内置演示数据（首次在线更新后自动替换）
20251127,DGS2,美国2年期国债收益率,3.9067204045148123,%,内置演示数据（首次在线更新后自动替换）
20251128,DGS2,美国2年期国债收益率,3.921354166550225,%,内置演示数据（首次在线更新后自动替换）
20251201,DGS2,美国2年期国债收益率,3.96148948703933,%,内置演示数据（首次在线更新后自动替换）
20251202,DGS2,美国2年期国债收益率,3.9336884640781116,%,内置演示数据（首次在线更新后自动替换）
20251203,DGS2,美国2年期国债收益率,3.930565217939942,%,内置演示数据（首次在线更新后自动替换）
20251204,DGS2,美国2年期国债收益率,3.9399249256816886,%,内置演示数据（首次在线更新后自动替换）
20251205,DGS2,美国2年期国债收益率,3.9776823946009334,%,内置演示数据（首次在线更新后自动替换）
20251208,DGS2,美国2年期国债收益率,3.9293010829045065,%,内置演示数据（首次在线更新后自动替换）
20251209,DGS2,美国2年期国债收益率,3.9573265624546665,%,内置演示数据（首次在线更新后自动替换）
20251210,DGS2,美国2年期国债收益率,3.949423345655106,%,内置演示数据（首次在线更新后自动替换）
20251211,DGS2,美国2年期国债收益率,3.987379090798628,%,内置演示数据（首次在线更新后自动替换）
20251212,DGS2,美国2年期国债收益率,3.9903858741217015,%,内置演示数据（首次在线更新后自动替换）
20251215,DGS2,美国2年期国债收益率,3.9122210722761417,%,内置演示数据（首次在线更新后自动替换）
20251216,DGS2,美国2年期国债收益率,4.0011284131075096,%,内置演示数据（首次在线更新后自动替换）
20251217,DGS2,美国2年期国债收益率,3.9541111249950243,%,内置演示数据（首次在线更新后自动替换）
20251218,DGS2,美国2年期国债收益率,3.9823429942195108,%,内置演示数据（首次在线更新后自动替换）
20251219,DGS2,美国2年期国债收益率,3.950067753805864,%,内置演示数据（首次在线更新后自动替换）
20251222,DGS2,美国2年期国债收益率,3.992508731603962,%,内置演示数据（首次在线更新后自动替换）
20251223,DGS2,美国2年期国债收益率,4.061212178991935,%,内置演示数据（首次在线更新后自动替换）
20251224,DGS2,美国2年期国债收益率,3.9919394053483424,%,内置演示数据（首次在线更新后自动替换）
20251225,DGS2,美国2年期国债收益率,3.9779357413919842,%,内置演示数据（首次在线更新后自动替换）
20251226,DGS2,美国2年期国债收益率,3.988525295547669,%,内置演示数据（首次在线更新后自动替换）
20251229,DGS2,美国2年期国债收益率,3.9553285625923413,%,内置演示数据（首次在线更新后自动替换）
20240102,DGS10,美国10年期国债收益率,4.443468898584934,%,内置演示数据（首次在线更新后自动替换）
20240103,DGS10,美国10年期国债收益率,4.417163630875163,%,内置演示数据（首次在线更新后自动替换）
20240104,DGS10,美国10年期国债收益率,4.384083497701838,%,内置演示数据（首次在线更新后自动替换）
20240105,DGS10,美国10年期国债收益率,4.392826504519325,%,内置演示数据（首次在线更新后自动替换）
20240108,DGS10,美国10年期国债收益率,4.431528629303534,%,内置演示数据（首次在线更新后自动替换）
20240109,DGS10,美国10年期国债收益率,4.466768781778638,%,内置演示数据（首次在线更新后自动替换）
20240110,DGS10,美国10年期国债收益率,4.411998820655701,%,内置演示数据（首次在线更新后自动替换）
20240111,DGS10,美国10年期国债收益率,4.487627420012808,%,内置演示数据（首次在线更新后自动替换）
20240112,DGS10,美国10年期国债收益率,4.459145978292226,%,内置演示数据（首次在线更新后自动替换）
20240115,DGS10,美国10年期国债收益率,4.441626964228059,%,内置演示数据（首次在线更新后自动替换）
20240116,DGS10,美国10年期国债收益率,4.4631084974124535,%,内置演示数据（首次在线更新后自动替换）
20240117,DGS10,美国10年期国债收益率,4.5371626790853705,%,内置演示数据（首次在线更新后自动替换）
20240118,DGS10,美国10年期国债收益率,4.450584686803877,%,内置演示数据（首次在线更新后自动替换）
20240119,DGS10,美国10年期国债收益率,4.477753778009157,%,内置演示数据（首次在线更新后自动替换）
20240122,DGS10,美国10年期国债收益率,4.5357183162541705,%,内置演示数据（首次在线更新后自动替换）
20240123,DGS10,美国10年期国债收益率,4.5210118551822625,%,内置演示数据（首次在线更新后自动替换）
20240124,DGS10,美国10年期国债收益率,4.4981017046518375,%,内置演示数据（首次在线更新后自动替换）
20240125,DGS10,美国10年期国债收益率,4.558043346714988,%,内置演示数据（首次在线更新后自动替换）
20240126,DGS10,美国10年期国债收益率,4.566665291803104,%,内置演示数据（首次在线更新后自动替换）
20240129,DGS10,美国10年期国债收益率,4.55336770594336,%,内置演示数据（首次在线更新后自动替换）
20240130,DGS10,美国10年期国债收益率,4.532112829607419,%,内置演示数据（首次在线更新后自动替换）
20240131,DGS10,美国10年期国债收益率,4.5437200195995695,%,内置演示数据（首次在线更新后自动替换）
20240201,DGS10,美国10年期国债收益率,4.572916111766023,%,内置演示数据（首次在线更新后自动替换）
20240202,DGS10,美国10年期国债收益率,4.531843459674262,%,内置演示数据（首次在线更新后自动替换）
20240205,DGS10,美国10年期国债收益率,4.617775839259949,%,内置演示数据（首次在线更新后自动替换）
20240206,DGS10,美国10年期国债收益率,4.635601657680428,%,内置演示数据（首次在线更新后自动替换）
20240207,DGS10,美国10年期国债收益率,4.584078677255623,%,内置演示数据（首次在线更新后自动替换）
20240208,DGS10,美国10年期国债收益率,4.608308000461188,%,内置演示数据（首次在线更新后自动替换）
20240209,DGS10,美国10年期国债收益率,4.639568881400995,%,内置演示数据（首次在线更新后自动替换）
20240212,DGS10,美国10年期国债收益率,4.668930865662562,%,内置演示数据（首次在线更新后自动替换）
20240213,DGS10,美国10年期国债收益率,4.663138871139129,%,内置演示数据（首次在线更新后自动替换）
20240214,DGS10,美国10年期国债收益率,4.570421821909356,%,内置演示数据（首次在线更新后自动替换）
20240215,DGS10,美国10年期国债收益率,4.61896998682609,%,内置演示数据（首次在线更新后自动替换）
20240216,DGS10,美国10年期国债收益率,4.649293091632161,%,内置演示数据（首次在线更新后自动替换）
20240219,DGS10,美国10年期国债收益率,4.625166086457338,%,内置演示数据（首次在线更新后自动替换）
20240220,DGS10,美国10年期国债收益率,4.699077259002569,%,内置演示数据（首次在线更新后自动替换）
20240221,DGS10,美国10年期国债收益率,4.699955886998913,%,内置演示数据（首次在线更新后自动替换）
20240222,DGS10,美国10年期国债收益率,4.631953120370327,%,内置演示数据（首次在线更新后自动替换）
20240223,DGS10,美国10年期国债收益率,4.656788789410561,%,内置演示数据（首次在线更新后自动替换）
20240226,DGS10,美国10年期国债收益率,4.644274721434155,%,内置演示数据（首次在线更新后自动替换）
20240227,DGS10,美国10年期国债收益率,4.665876319132047,%,内置演示数据（首次在线更新后自动替换）
20240228,DGS10,美国10年期国债收益率,4.669801846693171,%,内置演示数据（首次在线更新后自动替换）
20240229,DGS10,美国10年期国债收益率,4.70989062973545,%,内置演示数据（首次在线更新后自动替换）
20240301,DGS10,美国10年期国债收益率,4.659168137961207,%,内置演示数据（首次在线更新后自动替换）
20240304,DGS10,美国10年期国债收益率,4.611737634408016,%,内置演示数据（首次在线更新后自动替换）
20240305,DGS10,美国10年期国债收益率,4.64637855221572,%,内置演示数据（首次在线更新后自动替换）
20240306,DGS10,美国10年期国债收益率,4.667795084983228,%,内置演示数据（首次在线更新后自动替换）
20240307,DGS10,美国10年期国债收益率,4.682955201860784,%,内置演示数据（首次在线更新后自动替换）
20240308,DGS10,美国10年期国债收益率,4.712073558951966,%,内置演示数据（首次在线更新后自动替换）
20240311,DGS10,美国10年期国债收益率,4.677745555952833,%,内置演示数据（首次在线更新后自动替换）
20240312,DGS10,美国10年期国债收益率,4.677334252652687,%,内置演示数据（首次在线更新后自动替换）
20240313,DGS10,美国10年期国债收益率,4.6891568540295205,%,内置演示数据（首次在线更新后自动替换）
20240314,DGS10,美国10年期国债收益率,4.686787106066173,%,内置演示数据（首次在线更新后自动替换）
20240315,DGS10,美国10年期国债收益率,4.706680218352485,%,内置演示数据（首次在线更新后自动替换）
20240318,DGS10,美国10年期国债收益率,4.708295058211678,%,内置演示数据（首次在线更新后自动替换）
20240319,DGS10,美国10年期国债收益率,4.749622947458807,%,内置演示数据（首次在线更新后自动替换）
20240320,DGS10,美国10年期国债收益率,4.7018404858851905,%,内置演示数据（首次在线更新后自动替换）
20240321,DGS10,美国10年期国债收益率,4.723209883087616,%,内置演示数据（首次在线更新后自动替换）
20240322,DGS10,美国10年期国债收益率,4.719833615279808,%,内置演示数据（首次在线更新后自动替换）
20240325,DGS10,美国10年期国债收益率,4.762531348593963,%,内置演示数据（首次在线更新后自动替换）
20240326,DGS10,美国10年期国债收益率,4.735549887196629,%,内置演示数据（首次在线更新后自动替换）
20240327,DGS10,美国10年期国债收益率,4.773444650989583,%,内置演示数据（首次在线更新后自动替换）
20240328,DGS10,美国10年期国债收益率,4.70892928353219,%,内置演示数据（首次在线更新后自动替换）
20240329,DGS10,美国10年期国债收益率,4.743426407242917,%,内置演示数据（首次在线更新后自动替换）
20240401,DGS10,美国10年期国债收益率,4.728867374033131,%,内置演示数据（首次在线更新后自动替换）
20240402,DGS10,美国10年期国债收益率,4.7104284923295205,%,内置演示数据（首次在线更新后自动替换）
20240403,DGS10,美国10年期国债收益率,4.746078860147718,%,内置演示数据（首次在线更新后自动替换）
20240404,DGS10,美国10年期国债收益率,4.800814444005218,%,内置演示数据（首次在线更新后自动替换）
20240405,DGS10,美国10年期国债收益率,4.7237895140851,%,内置演示数据（首次在线更新后自动替换）
20240408,DGS10,美国10年期国债收益率,4.745930770990122,%,内置演示数据（首次在线更新后自动替换）
20240409,DGS10,美国10年期国债收益率,4.71059240300516,%,内置演示数据（首次在线更新后自动替换）
20240410,DGS10,美国10年期国债收益率,4.706214637262405,%,内置演示数据（首次在线更新后自动替换）
20240411,DGS10,美国10年期国债收益率,4.726233191184241,%,内置演示数据（首次在线更新后自动替换）
20240412,DGS10,美国10年期国债收益率,4.736037802662307,%,内置演示数据（首次在线更新后自动替换）
20240415,DGS10,美国10年期国债收益率,4.736883729824226,%,内置演示数据（首次在线更新后自动替换）
20240416,DGS10,美国10年期国债收益率,4.741612034760742,%,内置演示数据（首次在线更新后自动替换）
20240417,DGS10,美国10年期国债收益率,4.698112331413075,%,内置演示数据（首次在线更新后自动替换）
20240418,DGS10,美国10年期国债收益率,4.72778182106415,%,内置演示数据（首次在线更新后自动替换）
20240419,DGS10,美国10年期国债收益率,4.760439724586207,%,内置演示数据（首次在线更新后自动替换）
20240422,DGS10,美国10年期国债收益率,4.703295826724015,%,内置演示数据（首次在线更新后自动替换）
20240423,DGS10,美国10年期国债收益率,4.731875125717691,%,内置演示数据（首次在线更新后自动替换）
20240424,DGS10,美国10年期国债收益率,4.74963198360551,%,内置演示数据（首次在线更新后自动替换）
20240425,DGS10,美国10年期国债收益率,4.715527524973984,%,内置演示数据（首次在线更新后自动替换）
20240426,DGS10,美国10年期国债收益率,4.747222728034531,%,内置演示数据（首次在线更新后自动替换）
20240429,DGS10,美国10年期国债收益率,4.689158269737978,%,内置演示数据（首次在线更新后自动替换）
20240430,DGS10,美国10年期国债收益率,4.759095284669467,%,内置演示数据（首次在线更新后自动替换）
20240501,DGS10,美国10年期国债收益率,4.740901396803211,%,内置演示数据（首次在线更新后自动替换）
20240502,DGS10,美国10年期国债收益率,4.72891999385062,%,内置演示数据（首次在线更新后自动替换）
20240503,DGS10,美国10年期国债收益率,4.758155631165798,%,内置演示数据（首次在线更新后自动替换）
20240506,DGS10,美国10年期国债收益率,4.711531480815827,%,内置演示数据（首次在线更新后自动替换）
20240507,DGS10,美国10年期国债收益率,4.6997184160151315,%,内置演示数据（首次在线更新后自动替换）
20240508,DGS10,美国10年期国债收益率,4.756115418657241,%,内置演示数据（首次在线更新后自动替换）
20240509,DGS10,美国10年期国债收益率,4.766691535870211,%,内置演示数据（首次在线更新后自动替换）
20240510,DGS10,美国10年期国债收益率,4.687041096982614,%,内置演示数据（首次在线更新后自动替换）
20240513,DGS10,美国10年期国债收益率,4.700655581830762,%,内置演示数据（首次在线更新后自动替换）
20240514,DGS10,美国10年期国债收益率,4.731492655221631,%,内置演示数据（首次在线更新后自动替换）
20240515,DGS10,美国10年期国债收益率,4.6937223169837585,%,内置演示数据（首次在线更新后自动替换）
20240516,DGS10,美国10年期国债收益率,4.709683410669614,%,内置演示数据（首次在线更新后自动替换）
20240517,DGS10,美国10年期国债收益率,4.710892836271647,%,内置演示数据（首次在线更新后自动替换）
20240520,DGS10,美国10年期国债收益率,4.666104604070161,%,内置演示数据（首次在线更新后自动替换）
20240521,DGS10,美国10年期国债收益率,4.690905259860076,%,内置演示数据（首次在线更新后自动替换）
20240522,DGS10,美国10年期国债收益率,4.673357077958124,%,内置演示数据（首次在线更新后自动替换）
20240523,DGS10,美国10年期国债收益率,4.632117562492606,%,内置演示数据（首次在线更新后自动替换）
20240524,DGS10,美国10年期国债收益率,4.633882154221821,%,内置演示数据（首次在线更新后自动替换）
20240527,DGS10,美国10年期国债收益率,4.638817185678483,%,内置演示数据（首次在线更新后自动替换）
20240528,DGS10,美国10年期国债收益率,4.680935654132492,%,内置演示数据（首次在线更新后自动替换）
20240529,DGS10,美国10年期国债收益率,4.676486196012168,%,内置演示数据（首次在线更新后自动替换）
20240530,DGS10,美国10年期国债收益率,4.664585942209419,%,内置演示数据（首次在线更新后自动替换）
20240531,DGS10,美国10年期国债收益率,4.6496154342908715,%,内置演示数据（首次在线更新后自动替换）
20240603,DGS10,美国10年期国债收益率,4.643003719022479,%,内置演示数据（首次在线更新后自动替换）
20240604,DGS10,美国10年期国债收益率,4.633038678704634,%,内置演示数据（首次在线更新后自动替换）
20240605,DGS10,美国10年期国债收益率,4.630921748035055,%,内置演示数据（首次在线更新后自动替换）
20240606,DGS10,美国10年期国债收益率,4.626828692524763,%,内置演示数据（首次在线更新后自动替换）
20240607,DGS10,美国10年期国债收益率,4.564204161244699,%,内置演示数据（首次在线更新后自动替换）
20240610,DGS10,美国10年期国债收益率,4.57629653250401,%,内置演示数据（首次在线更新后自动替换）
20240611,DGS10,美国10年期国债收益率,4.56270465549695,%,内置演示数据（首次在线更新后自动替换）
20240612,DGS10,美国10年期国债收益率,4.620259424482491,%,内置演示数据（首次在线更新后自动替换）
20240613,DGS10,美国10年期国债收益率,4.630048483245021,%,内置演示数据（首次在线更新后自动替换）
20240614,DGS10,美国10年期国债收益率,4.508645353073818,%,内置演示数据（首次在线更新后自动替换）
20240617,DGS10,美国10年期国债收益率,4.613866757051762,%,内置演示数据（首次在线更新后自动替换）
20240618,DGS10,美国10年期国债收益率,4.56264706052848,%,内置演示数据（首次在线更新后自动替换）
20240619,DGS10,美国10年期国债收益率,4.583471083001649,%,内置演示数据（首次在线更新后自动替换）
20240620,DGS10,美国10年期国债收益率,4.561251975532468,%,内置演示数据（首次在线更新后自动替换）
20240621,DGS10,美国10年期国债收益率,4.582166160551011,%,内置演示数据（首次在线更新后自动替换）
20240624,DGS10,美国10年期国债收益率,4.538074313403804,%,内置演示数据（首次在线更新后自动替换）
20240625,DGS10,美国10年期国债收益率,4.483641063225986,%,内置演示数据（首次在线更新后自动替换）
20240626,DGS10,美国10年期国债收益率,4.514075606041371,%,内置演示数据（首次在线更新后自动替换）
20240627,DGS10,美国10年期国债收益率,4.525358792698162,%,内置演示数据（首次在线更新后自动替换）
20240628,DGS10,美国10年期国债收益率,4.4959992730346485,%,内置演示数据（首次在线更新后自动替换）
20240701,DGS10,美国10年期国债收益率,4.514748448121379,%,内置演示数据（首次在线更新后自动替换）
20240702,DGS10,美国10年期国债收益率,4.485537045377964,%,内置演示数据（首次在线更新后自动替换）
20240703,DGS10,美国10年期国债收益率,4.462090946011544,%,内置演示数据（首次在线更新后自动替换）
20240704,DGS10,美国10年期国债收益率,4.439785649702463,%,内置演示数据（首次在线更新后自动替换）
20240705,DGS10,美国10年期国债收益率,4.452983581010152,%,内置演示数据（首次在线更新后自动替换）
20240708,DGS10,美国10年期国债收益率,4.463216265173399,%,内置演示数据（首次在线更新后自动替换）
20240709,DGS10,美国10年期国债收益率,4.390610248693275,%,内置演示数据（首次在线更新后自动替换）
20240710,DGS10,美国10年期国债收益率,4.418278207529297,%,内置演示数据（首次在线更新后自动替换）
20240711,DGS10,美国10年期国债收益率,4.374047653421441,%,内置演示数据（首次在线更新后自动替换）
20240712,DGS10,美国10年期国债收益率,4.407687320099884,%,内置演示数据（首次在线更新后自动替换）
20240715,DGS10,美国10年期国债收益率,4.45435722117767,%,内置演示数据（首次在线更新后自动替换）
20240716,DGS10,美国10年期国债收益率,4.37508339642558,%,内置演示数据（首次在线更新后自动替换）
20240717,DGS10,美国10年期国债收益率,4.423985521599497,%,内置演示数据（首次在线更新后自动替换）
20240718,DGS10,美国10年期国债收益率,4.480577896927378,%,内置演示数据（首次在线更新后自动替换）
20240719,DGS10,美国10年期国债收益率,4.4309441140934345,%,内置演示数据（首次在线更新后自动替换）
20240722,DGS10,美国10年期国债收益率,4.383574451212083,%,内置演示数据（首次在线更新后自动替换）
20240723,DGS10,美国10年期国债收益率,4.397563252061806,%,内置演示数据（首次在线更新后自动替换）
20240724,DGS10,美国10年期国债收益率,4.322974823209314,%,内置演示数据（首次在线更新后自动替换）
20240725,DGS10,美国10年期国债收益率,4.309135701371619,%,内置演示数据（首次在线更新后自动替换）
20240726,DGS10,美国10年期国债收益率,4.3494934784624135,%,内置演示数据（首次在线更新后自动替换）
20240729,DGS10,美国10年期国债收益率,4.352910611915592,%,内置演示数据（首次在线更新后自动替换）
20240730,DGS10,美国10年期国债收益率,4.366133341521058,%,内置演示数据（首次在线更新后自动替换）
20240731,DGS10,美国10年期国债收益率,4.30862020305074,%,内置演示数据（首次在线更新后自动替换）
20240801,DGS10,美国10年期国债收益率,4.323903484332433,%,内置演示数据（首次在线更新后自动替换）
20240802,DGS10,美国10年期国债收益率,4.315333960987198,%,内置演示数据（首次在线更新后自动替换）
20240805,DGS10,美国10年期国债收益率,4.299121951392656,%,内置演示数据（首次在线更新后自动替换）
20240806,DGS10,美国10年期国债收益率,4.2934405563163125,%,内置演示数据（首次在线更新后自动替换）
20240807,DGS10,美国10年期国债收益率,4.262576241685865,%,内置演示数据（首次在线更新后自动替换）
20240808,DGS10,美国10年期国债收益率,4.289266372205125,%,内置演示数据（首次在线更新后自动替换）
20240809,DGS10,美国10年期国债收益率,4.279443247213567,%,内置演示数据（首次在线更新后自动替换）
20240812,DGS10,美国10年期国债收益率,4.253170413942575,%,内置演示数据（首次在线更新后自动替换）
20240813,DGS10,美国10年期国债收益率,4.279189001044654,%,内置演示数据（首次在线更新后自动替换）
20240814,DGS10,美国10年期国债收益率,4.28296524707365,%,内置演示数据（首次在线更新后自动替换）
20240815,DGS10,美国10年期国债收益率,4.2654391337260655,%,内置演示数据（首次在线更新后自动替换）
20240816,DGS10,美国10年期国债收益率,4.206908572538512,%,内置演示数据（首次在线更新后自动替换）
20240819,DGS10,美国10年期国债收益率,4.234315179337892,%,内置演示数据（首次在线更新后自动替换）
20240820,DGS10,美国10年期国债收益率,4.197210086108176,%,内置演示数据（首次在线更新后自动替换）
20240821,DGS10,美国10年期国债收益率,4.220763538957263,%,内置演示数据（首次在线更新后自动替换）
20240822,DGS10,美国10年期国债收益率,4.184044597803891,%,内置演示数据（首次在线更新后自动替换）
20240823,DGS10,美国10年期国债收益率,4.2430825968009955,%,内置演示数据（首次在线更新后自动替换）
20240826,DGS10,美国10年期国债收益率,4.221861045763329,%,内置演示数据（首次在线更新后自动替换）
20240827,DGS10,美国10年期国债收益率,4.226643756532323,%,内置演示数据（首次在线更新后自动替换）
20240828,DGS10,美国10年期国债收益率,4.2174014008759135,%,内置演示数据（首次在线更新后自动替换）
20240829,DGS10,美国10年期国债收益率,4.171633156484641,%,内置演示数据（首次在线更新后自动替换）
20240830,DGS10,美国10年期国债收益率,4.160993025577253,%,内置演示数据（首次在线更新后自动替换）
20240902,DGS10,美国10年期国债收益率,4.220134921003717,%,内置演示数据（首次在线更新后自动替换）
20240903,DGS10,美国10年期国债收益率,4.157166125757367,%,内置演示数据（首次在线更新后自动替换）
20240904,DGS10,美国10年期国债收益率,4.115836272019607,%,内置演示数据（首次在线更新后自动替换）
20240905,DGS10,美国10年期国债收益率,4.1811719242916165,%,内置演示数据（首次在线更新后自动替换）
20240906,DGS10,美国10年期国债收益率,4.1498584069366045,%,内置演示数据（首次在线更新后自动替换）
20240909,DGS10,美国10年期国债收益率,4.185446326766663,%,内置演示数据（首次在线更新后自动替换）
20240910,DGS10,美国10年期国债收益率,4.142408216981651,%,内置演示数据（首次在线更新后自动替换）
20240911,DGS10,美国10年期国债收益率,4.129501005603467,%,内置演示数据（首次在线更新后自动替换）
20240912,DGS10,美国10年期国债收益率,4.170999876015915,%,内置演示数据（首次在线更新后自动替换）
20240913,DGS10,美国10年期国债收益率,4.074313153024426,%,内置演示数据（首次在线更新后自动替换）
20240916,DGS10,美国10年期国债收益率,4.098295201096556,%,内置演示数据（首次在线更新后自动替换）
20240917,DGS10,美国10年期国债收益率,4.084764420153799,%,内置演示数据（首次在线更新后自动替换）
20240918,DGS10,美国10年期国债收益率,4.041204674935084,%,内置演示数据（首次在线更新后自动替换）
20240919,DGS10,美国10年期国债收益率,4.1290687773386425,%,内置演示数据（首次在线更新后自动替换）
20240920,DGS10,美国10年期国债收益率,4.082114071389838,%,内置演示数据（首次在线更新后自动替换）
20240923,DGS10,美国10年期国债收益率,4.122109520904642,%,内置演示数据（首次在线更新后自动替换）
20240924,DGS10,美国10年期国债收益率,4.10288356676511,%,内置演示数据（首次在线更新后自动替换）
20240925,DGS10,美国10年期国债收益率,4.105840220533464,%,内置演示数据（首次在线更新后自动替换）
20240926,DGS10,美国10年期国债收益率,4.070533189059817,%,内置演示数据（首次在线更新后自动替换）
20240927,DGS10,美国10年期国债收益率,4.057992902698923,%,内置演示数据（首次在线更新后自动替换）
20240930,DGS10,美国10年期国债收益率,4.0804959105232435,%,内置演示数据（首次在线更新后自动替换）
20241001,DGS10,美国10年期国债收益率,4.102419970054479,%,内置演示数据（首次在线更新后自动替换）
20241002,DGS10,美国10年期国债收益率,4.070535868479204,%,内置演示数据（首次在线更新后自动替换）
20241003,DGS10,美国10年期国债收益率,4.048353588325122,%,内置演示数据（首次在线更新后自动替换）
20241004,DGS10,美国10年期国债收益率,4.030968731396719,%,内置演示数据（首次在线更新后自动替换）
20241007,DGS10,美国10年期国债收益率,4.070756228397103,%,内置演示数据（首次在线更新后自动替换）
20241008,DGS10,美国10年期国债收益率,4.0458669830270715,%,内置演示数据（首次在线更新后自动替换）
20241009,DGS10,美国10年期国债收益率,4.058361127826238,%,内置演示数据（首次在线更新后自动替换）
20241010,DGS10,美国10年期国债收益率,4.051541959185145,%,内置演示数据（首次在线更新后自动替换）
20241011,DGS10,美国10年期国债收益率,4.043732904262438,%,内置演示数据（首次在线更新后自动替换）
20241014,DGS10,美国10年期国债收益率,4.064409794412776,%,内置演示数据（首次在线更新后自动替换）
20241015,DGS10,美国10年期国债收益率,4.070930733406085,%,内置演示数据（首次在线更新后自动替换）
20241016,DGS10,美国10年期国债收益率,4.112124613704579,%,内置演示数据（首次在线更新后自动替换）
20241017,DGS10,美国10年期国债收益率,4.074947180168823,%,内置演示数据（首次在线更新后自动替换）
20241018,DGS10,美国10年期国债收益率,4.099232263970355,%,内置演示数据（首次在线更新后自动替换）
20241021,DGS10,美国10年期国债收益率,4.026249558603831,%,内置演示数据（首次在线更新后自动替换）
20241022,DGS10,美国10年期国债收益率,4.002337435893915,%,内置演示数据（首次在线更新后自动替换）
20241023,DGS10,美国10年期国债收益率,4.049663732383337,%,内置演示数据（首次在线更新后自动替换）
20241024,DGS10,美国10年期国债收益率,4.075741103090663,%,内置演示数据（首次在线更新后自动替换）
20241025,DGS10,美国10年期国债收益率,4.071111615274662,%,内置演示数据（首次在线更新后自动替换）
20241028,DGS10,美国10年期国债收益率,4.086667483350464,%,内置演示数据（首次在线更新后自动替换）
20241029,DGS10,美国10年期国债收益率,3.974651619256555,%,内置演示数据（首次在线更新后自动替换）
20241030,DGS10,美国10年期国债收益率,4.088931693753983,%,内置演示数据（首次在线更新后自动替换）
20241031,DGS10,美国10年期国债收益率,4.062172842095408,%,内置演示数据（首次在线更新后自动替换）
20241101,DGS10,美国10年期国债收益率,4.0067269303168835,%,内置演示数据（首次在线更新后自动替换）
20241104,DGS10,美国10年期国债收益率,4.075862891041441,%,内置演示数据（首次在线更新后自动替换）
20241105,DGS10,美国10年期国债收益率,4.060521977539372,%,内置演示数据（首次在线更新后自动替换）
20241106,DGS10,美国10年期国债收益率,4.068325001105283,%,内置演示数据（首次在线更新后自动替换）
20241107,DGS10,美国10年期国债收益率,4.088481449562691,%,内置演示数据（首次在线更新后自动替换）
20241108,DGS10,美国10年期国债收益率,4.073205120009967,%,内置演示数据（首次在线更新后自动替换）
20241111,DGS10,美国10年期国债收益率,4.018068537640953,%,内置演示数据（首次在线更新后自动替换）
20241112,DGS10,美国10年期国债收益率,4.060085715774415,%,内置演示数据（首次在线更新后自动替换）
20241113,DGS10,美国10年期国债收益率,4.01813609519286,%,内置演示数据（首次在线更新后自动替换）
20241114,DGS10,美国10年期国债收益率,4.088590856065854,%,内置演示数据（首次在线更新后自动替换）
20241115,DGS10,美国10年期国债收益率,4.113675047528084,%,内置演示数据（首次在线更新后自动替换）
20241118,DGS10,美国10年期国债收益率,4.037271421073066,%,内置演示数据（首次在线更新后自动替换）
20241119,DGS10,美国10年期国债收益率,4.05731083353154,%,内置演示数据（首次在线更新后自动替换）
20241120,DGS10,美国10年期国债收益率,4.054082708163774,%,内置演示数据（首次在线更新后自动替换）
20241121,DGS10,美国10年期国债收益率,4.0701934158134065,%,内置演示数据（首次在线更新后自动替换）
20241122,DGS10,美国10年期国债收益率,4.099596191392543,%,内置演示数据（首次在线更新后自动替换）
20241125,DGS10,美国10年期国债收益率,4.077498796834912,%,内置演示数据（首次在线更新后自动替换）
20241126,DGS10,美国10年期国债收益率,4.114086839113031,%,内置演示数据（首次在线更新后自动替换）
20241127,DGS10,美国10年期国债收益率,4.130343243058432,%,内置演示数据（首次在线更新后自动替换）
20241128,DGS10,美国10年期国债收益率,4.135454484925297,%,内置演示数据（首次在线更新后自动替换）
20241129,DGS10,美国10年期国债收益率,4.073023087425831,%,内置演示数据（首次在线更新后自动替换）
20241202,DGS10,美国10年期国债收益率,4.152458100293981,%,内置演示数据（首次在线更新后自动替换）
20241203,DGS10,美国10年期国债收益率,4.1593168814976345,%,内置演示数据（首次在线更新后自动替换）
20241204,DGS10,美国10年期国债收益率,4.166510161545502,%,内置演示数据（首次在线更新后自动替换）
20241205,DGS10,美国10年期国债收益率,4.119928670271949,%,内置演示数据（首次在线更新后自动替换）
20241206,DGS10,美国10年期国债收益率,4.1069771551560965,%,内置演示数据（首次在线更新后自动替换）
20241209,DGS10,美国10年期国债收益率,4.105008066838965,%,内置演示数据（首次在线更新后自动替换）
20241210,DGS10,美国10年期国债收益率,4.106615867497109,%,内置演示数据（首次在线更新后自动替换）
20241211,DGS10,美国10年期国债收益率,4.145282490903006,%,内置演示数据（首次在线更新后自动替换）
20241212,DGS10,美国10年期国债收益率,4.175755803438497,%,内置演示数据（首次在线更新后自动替换）
20241213,DGS10,美国10年期国债收益率,4.1950287635832835,%,内置演示数据（首次在线更新后自动替换）
20241216,DGS10,美国10年期国债收益率,4.146897631295755,%,内置演示数据（首次在线更新后自动替换）
20241217,DGS10,美国10年期国债收益率,4.166053821745004,%,内置演示数据（首次在线更新后自动替换）
20241218,DGS10,美国10年期国债收益率,4.169953919212946,%,内置演示数据（首次在线更新后自动替换）
20241219,DGS10,美国10年期国债收益率,4.159998269248733,%,内置演示数据（首次在线更新后自动替换）
20241220,DGS10,美国10年期国债收益率,4.2072153968912,%,内置演示数据（首次在线更新后自动替换）
20241223,DGS10,美国10年期国债收益率,4.202220690550667,%,内置演示数据（首次在线更新后自动替换）
20241224,DGS10,美国10年期国债收益率,4.201885310643081,%,内置演示数据（首次在线更新后自动替换）
20241225,DGS10,美国10年期国债收益率,4.214775082188961,%,内置演示数据（首次在线更新后自动替换）
20241226,DGS10,美国10年期国债收益率,4.2289815334168015,%,内置演示数据（首次在线更新后自动替换）
20241227,DGS10,美国10年期国债收益率,4.2352667510263835,%,内置演示数据（首次在线更新后自动替换）
20241230,DGS10,美国10年期国债收益率,4.198624901716334,%,内置演示数据（首次在线更新后自动替换）
20241231,DGS10,美国10年期国债收益率,4.257432435648241,%,内置演示数据（首次在线更新后自动替换）
20250101,DGS10,美国10年期国债收益率,4.245050220735602,%,内置演示数据（首次在线更新后自动替换）
20250102,DGS10,美国10年期国债收益率,4.231277707681729,%,内置演示数据（首次在线更新后自动替换）
20250103,DGS10,美国10年期国债收益率,4.258346918328785,%,内置演示数据（首次在线更新后自动替换）
20250106,DGS10,美国10年期国债收益率,4.268731605128575,%,内置演示数据（首次在线更新后自动替换）
20250107,DGS10,美国10年期国债收益率,4.297997968474279,%,内置演示数据（首次在线更新后自动替换）
20250108,DGS10,美国10年期国债收益率,4.241373362303249,%,内置演示数据（首次在线更新后自动替换）
20250109,DGS10,美国10年期国债收益率,4.319783967420268,%,内置演示数据（首次在线更新后自动替换）
20250110,DGS10,美国10年期国债收益率,4.288065072968287,%,内置演示数据（首次在线更新后自动替换）
20250113,DGS10,美国10年期国债收益率,4.2795767476485,%,内置演示数据（首次在线更新后自动替换）
20250114,DGS10,美国10年期国债收益率,4.286101832634662,%,内置演示数据（首次在线更新后自动替换）
20250115,DGS10,美国10年期国债收益率,4.279655065388867,%,内置演示数据（首次在线更新后自动替换）
20250116,DGS10,美国10年期国债收益率,4.265004766819512,%,内置演示数据（首次在线更新后自动替换）
20250117,DGS10,美国10年期国债收益率,4.345131196235144,%,内置演示数据（首次在线更新后自动替换）
20250120,DGS10,美国10年期国债收益率,4.3918499080605145,%,内置演示数据（首次在线更新后自动替换）
20250121,DGS10,美国10年期国债收益率,4.291542341634944,%,内置演示数据（首次在线更新后自动替换）
20250122,DGS10,美国10年期国债收益率,4.319235044122032,%,内置演示数据（首次在线更新后自动替换）
20250123,DGS10,美国10年期国债收益率,4.377998259227631,%,内置演示数据（首次在线更新后自动替换）
20250124,DGS10,美国10年期国债收益率,4.361806536964075,%,内置演示数据（首次在线更新后自动替换）
20250127,DGS10,美国10年期国债收益率,4.395951286282131,%,内置演示数据（首次在线更新后自动替换）
20250128,DGS10,美国10年期国债收益率,4.375624518649438,%,内置演示数据（首次在线更新后自动替换）
20250129,DGS10,美国10年期国债收益率,4.369025264566629,%,内置演示数据（首次在线更新后自动替换）
20250130,DGS10,美国10年期国债收益率,4.38744347542643,%,内置演示数据（首次在线更新后自动替换）
20250131,DGS10,美国10年期国债收益率,4.330533560107292,%,内置演示数据（首次在线更新后自动替换）
20250203,DGS10,美国10年期国债收益率,4.375468230675531,%,内置演示数据（首次在线更新后自动替换）
20250204,DGS10,美国10年期国债收益率,4.445992834685322,%,内置演示数据（首次在线更新后自动替换）
20250205,DGS10,美国10年期国债收益率,4.4610644776268025,%,内置演示数据（首次在线更新后自动替换）
20250206,DGS10,美国10年期国债收益率,4.475242995789053,%,内置演示数据（首次在线更新后自动替换）
20250207,DGS10,美国10年期国债收益率,4.4540183020911135,%,内置演示数据（首次在线更新后自动替换）
20250210,DGS10,美国10年期国债收益率,4.380824219552434,%,内置演示数据（首次在线更新后自动替换）
20250211,DGS10,美国10年期国债收益率,4.4371462012531175,%,内置演示数据（首次在线更新后自动替换）
20250212,DGS10,美国10年期国债收益率,4.503598428607686,%,内置演示数据（首次在线更新后自动替换）
20250213,DGS10,美国10年期国债收益率,4.5201812127626635,%,内置演示数据（首次在线更新后自动替换）
20250214,DGS10,美国10年期国债收益率,4.519964543137036,%,内置演示数据（首次在线更新后自动替换）
20250217,DGS10,美国10年期国债收益率,4.479554009379808,%,内置演示数据（首次在线更新后自动替换）
20250218,DGS10,美国10年期国债收益率,4.454957995595386,%,内置演示数据（首次在线更新后自动替换）
20250219,DGS10,美国10年期国债收益率,4.500403517646576,%,内置演示数据（首次在线更新后自动替换）
20250220,DGS10,美国10年期国债收益率,4.509483687776591,%,内置演示数据（首次在线更新后自动替换）
20250221,DGS10,美国10年期国债收益率,4.563369589277231,%,内置演示数据（首次在线更新后自动替换）
20250224,DGS10,美国10年期国债收益率,4.530542070700974,%,内置演示数据（首次在线更新后自动替换）
20250225,DGS10,美国10年期国债收益率,4.5314533660663505,%,内置演示数据（首次在线更新后自动替换）
20250226,DGS10,美国10年期国债收益率,4.54033771869412,%,内置演示数据（首次在线更新后自动替换）
20250227,DGS10,美国10年期国债收益率,4.557240351739568,%,内置演示数据（首次在线更新后自动替换）
20250228,DGS10,美国10年期国债收益率,4.571077789255133,%,内置演示数据（首次在线更新后自动替换）
20250303,DGS10,美国10年期国债收益率,4.537513264309013,%,内置演示数据（首次在线更新后自动替换）
20250304,DGS10,美国10年期国债收益率,4.534406937710527,%,内置演示数据（首次在线更新后自动替换）
20250305,DGS10,美国10年期国债收益率,4.614056428540653,%,内置演示数据（首次在线更新后自动替换）
20250306,DGS10,美国10年期国债收益率,4.530427158621498,%,内置演示数据（首次在线更新后自动替换）
20250307,DGS10,美国10年期国债收益率,4.635420829241469,%,内置演示数据（首次在线更新后自动替换）
20250310,DGS10,美国10年期国债收益率,4.53550606206988,%,内置演示数据（首次在线更新后自动替换）
20250311,DGS10,美国10年期国债收益率,4.581732987518366,%,内置演示数据（首次在线更新后自动替换）
20250312,DGS10,美国10年期国债收益率,4.634769238632282,%,内置演示数据（首次在线更新后自动替换）
20250313,DGS10,美国10年期国债收益率,4.611866740787157,%,内置演示数据（首次在线更新后自动替换）
20250314,DGS10,美国10年期国债收益率,4.5785004284213,%,内置演示数据（首次在线更新后自动替换）
20250317,DGS10,美国10年期国债收益率,4.636818178287551,%,内置演示数据（首次在线更新后自动替换）
20250318,DGS10,美国10年期国债收益率,4.631955439805591,%,内置演示数据（首次在线更新后自动替换）
20250319,DGS10,美国10年期国债收益率,4.629270288219733,%,内置演示数据（首次在线更新后自动替换）
20250320,DGS10,美国10年期国债收益率,4.622724079651014,%,内置演示数据（首次在线更新后自动替换）
20250321,DGS10,美国10年期国债收益率,4.64597435430359,%,内置演示数据（首次在线更新后自动替换）
20250324,DGS10,美国10年期国债收益率,4.635003695367262,%,内置演示数据（首次在线更新后自动替换）
20250325,DGS10,美国10年期国债收益率,4.730821466089587,%,内置演示数据（首次在线更新后自动替换）
20250326,DGS10,美国10年期国债收益率,4.655781817531967,%,内置演示数据（首次在线更新后自动替换）
20250327,DGS10,美国10年期国债收益率,4.656836607060207,%,内置演示数据（首次在线更新后自动替换）
20250328,DGS10,美国10年期国债收益率,4.656734850313261,%,内置演示数据（首次在线更新后自动替换）
20250331,DGS10,美国10年期国债收益率,4.731092277632349,%,内置演示数据（首次在线更新后自动替换）
20250401,DGS10,美国10年期国债收益率,4.6332743921630515,%,内置演示数据（首次在线更新后自动替换）
20250402,DGS10,美国10年期国债收益率,4.697752543346462,%,内置演示数据（首次在线更新后自动替换）
20250403,DGS10,美国10年期国债收益率,4.684172336186238,%,内置演示数据（首次在线更新后自动替换）
20250404,DGS10,美国10年期国债收益率,4.652886625722599,%,内置演示数据（首次在线更新后自动替换）
20250407,DGS10,美国10年期国债收益率,4.6751079688589146,%,内置演示数据（首次在线更新后自动替换）
20250408,DGS10,美国10年期国债收益率,4.713132524183757,%,内置演示数据（首次在线更新后自动替换）
20250409,DGS10,美国10年期国债收益率,4.681485821888298,%,内置演示数据（首次在线更新后自动替换）
20250410,DGS10,美国10年期国债收益率,4.718846445513633,%,内置演示数据（首次在线更新后自动替换）
20250411,DGS10,美国10年期国债收益率,4.766422430394661,%,内置演示数据（首次在线更新后自动替换）
20250414,DGS10,美国10年期国债收益率,4.722998833846324,%,内置演示数据（首次在线更新后自动替换）
20250415,DGS10,美国10年期国债收益率,4.677451447450182,%,内置演示数据（首次在线更新后自动替换）
20250416,DGS10,美国10年期国债收益率,4.6986704021723975,%,内置演示数据（首次在线更新后自动替换）
20250417,DGS10,美国10年期国债收益率,4.718369555986665,%,内置演示数据（首次在线更新后自动替换）
20250418,DGS10,美国10年期国债收益率,4.719060671577244,%,内置演示数据（首次在线更新后自动替换）
20250421,DGS10,美国10年期国债收益率,4.736721365073714,%,内置演示数据（首次在线更新后自动替换）
20250422,DGS10,美国10年期国债收益率,4.743903439207201,%,内置演示数据（首次在线更新后自动替换）
20250423,DGS10,美国10年期国债收益率,4.788649997546751,%,内置演示数据（首次在线更新后自动替换）
20250424,DGS10,美国10年期国债收益率,4.738660295258384,%,内置演示数据（首次在线更新后自动替换）
20250425,DGS10,美国10年期国债收益率,4.706076490248893,%,内置演示数据（首次在线更新后自动替换）
20250428,DGS10,美国10年期国债收益率,4.776958734497798,%,内置演示数据（首次在线更新后自动替换）
20250429,DGS10,美国10年期国债收益率,4.781768462748662,%,内置演示数据（首次在线更新后自动替换）
20250430,DGS10,美国10年期国债收益率,4.75221438394779,%,内置演示数据（首次在线更新后自动替换）
20250501,DGS10,美国10年期国债收益率,4.7390421425419165,%,内置演示数据（首次在线更新后自动替换）
20250502,DGS10,美国10年期国债收益率,4.766132178279506,%,内置演示数据（首次在线更新后自动替换）
20250505,DGS10,美国10年期国债收益率,4.741973627554117,%,内置演示数据（首次在线更新后自动替换）
20250506,DGS10,美国10年期国债收益率,4.687312993967032,%,内置演示数据（首次在线更新后自动替换）
20250507,DGS10,美国10年期国债收益率,4.766394399370285,%,内置演示数据（首次在线更新后自动替换）
20250508,DGS10,美国10年期国债收益率,4.7765910436046575,%,内置演示数据（首次在线更新后自动替换）
20250509,DGS10,美国10年期国债收益率,4.79321669938481,%,内置演示数据（首次在线更新后自动替换）
20250512,DGS10,美国10年期国债收益率,4.728049087829493,%,内置演示数据（首次在线更新后自动替换）
20250513,DGS10,美国10年期国债收益率,4.7565717407500445,%,内置演示数据（首次在线更新后自动替换）
20250514,DGS10,美国10年期国债收益率,4.756862981061244,%,内置演示数据（首次在线更新后自动替换）
20250515,DGS10,美国10年期国债收益率,4.75146013374117,%,内置演示数据（首次在线更新后自动替换）
20250516,DGS10,美国10年期国债收益率,4.75164171218022,%,内置演示数据（首次在线更新后自动替换）
20250519,DGS10,美国10年期国债收益率,4.748435543993182,%,内置演示数据（首次在线更新后自动替换）
20250520,DGS10,美国10年期国债收益率,4.752627868365669,%,内置演示数据（首次在线更新后自动替换）
20250521,DGS10,美国10年期国债收益率,4.7672787469705105,%,内置演示数据（首次在线更新后自动替换）
20250522,DGS10,美国10年期国债收益率,4.780279479164471,%,内置演示数据（首次在线更新后自动替换）
20250523,DGS10,美国10年期国债收益率,4.7194237112647315,%,内置演示数据（首次在线更新后自动替换）
20250526,DGS10,美国10年期国债收益率,4.735218535623772,%,内置演示数据（首次在线更新后自动替换）
20250527,DGS10,美国10年期国债收益率,4.725815139339686,%,内置演示数据（首次在线更新后自动替换）
20250528,DGS10,美国10年期国债收益率,4.719461868541856,%,内置演示数据（首次在线更新后自动替换）
20250529,DGS10,美国10年期国债收益率,4.685723620678469,%,内置演示数据（首次在线更新后自动替换）
20250530,DGS10,美国10年期国债收益率,4.7325387281942195,%,内置演示数据（首次在线更新后自动替换）
20250602,DGS10,美国10年期国债收益率,4.743635305924279,%,内置演示数据（首次在线更新后自动替换）
20250603,DGS10,美国10年期国债收益率,4.721883753886445,%,内置演示数据（首次在线更新后自动替换）
20250604,DGS10,美国10年期国债收益率,4.7233878150785005,%,内置演示数据（首次在线更新后自动替换）
20250605,DGS10,美国10年期国债收益率,4.733169641515929,%,内置演示数据（首次在线更新后自动替换）
20250606,DGS10,美国10年期国债收益率,4.759751783604867,%,内置演示数据（首次在线更新后自动替换）
20250609,DGS10,美国10年期国债收益率,4.701470172661255,%,内置演示数据（首次在线更新后自动替换）
20250610,DGS10,美国10年期国债收益率,4.675404574403127,%,内置演示数据（首次在线更新后自动替换）
20250611,DGS10,美国10年期国债收益率,4.704176209545045,%,内置演示数据（首次在线更新后自动替换）
20250612,DGS10,美国10年期国债收益率,4.7595811838863185,%,内置演示数据（首次在线更新后自动替换）
20250613,DGS10,美国10年期国债收益率,4.664282601078047,%,内置演示数据（首次在线更新后自动替换）
20250616,DGS10,美国10年期国债收益率,4.7145012581691725,%,内置演示数据（首次在线更新后自动替换）
20250617,DGS10,美国10年期国债收益率,4.72547648202269,%,内置演示数据（首次在线更新后自动替换）
20250618,DGS10,美国10年期国债收益率,4.615371387456151,%,内置演示数据（首次在线更新后自动替换）
20250619,DGS10,美国10年期国债收益率,4.694101023266843,%,内置演示数据（首次在线更新后自动替换）
20250620,DGS10,美国10年期国债收益率,4.695214448215452,%,内置演示数据（首次在线更新后自动替换）
20250623,DGS10,美国10年期国债收益率,4.664273014742092,%,内置演示数据（首次在线更新后自动替换）
20250624,DGS10,美国10年期国债收益率,4.647946395450533,%,内置演示数据（首次在线更新后自动替换）
20250625,DGS10,美国10年期国债收益率,4.644534149108064,%,内置演示数据（首次在线更新后自动替换）
20250626,DGS10,美国10年期国债收益率,4.647181929379672,%,内置演示数据（首次在线更新后自动替换）
20250627,DGS10,美国10年期国债收益率,4.642634140269219,%,内置演示数据（首次在线更新后自动替换）
20250630,DGS10,美国10年期国债收益率,4.631507457190698,%,内置演示数据（首次在线更新后自动替换）
20250701,DGS10,美国10年期国债收益率,4.630308667709098,%,内置演示数据（首次在线更新后自动替换）
20250702,DGS10,美国10年期国债收益率,4.670660005698944,%,内置演示数据（首次在线更新后自动替换）
20250703,DGS10,美国10年期国债收益率,4.592680700182664,%,内置演示数据（首次在线更新后自动替换）
20250704,DGS10,美国10年期国债收益率,4.57070598557402,%,内置演示数据（首次在线更新后自动替换）
20250707,DGS10,美国10年期国债收益率,4.653335259517835,%,内置演示数据（首次在线更新后自动替换）
20250708,DGS10,美国10年期国债收益率,4.605217920427752,%,内置演示数据（首次在线更新后自动替换）
20250709,DGS10,美国10年期国债收益率,4.59307404873764,%,内置演示数据（首次在线更新后自动替换）
20250710,DGS10,美国10年期国债收益率,4.5950259754658065,%,内置演示数据（首次在线更新后自动替换）
20250711,DGS10,美国10年期国债收益率,4.598184309113127,%,内置演示数据（首次在线更新后自动替换）
20250714,DGS10,美国10年期国债收益率,4.569633225688982,%,内置演示数据（首次在线更新后自动替换）
20250715,DGS10,美国10年期国债收益率,4.593889921295418,%,内置演示数据（首次在线更新后自动替换）
20250716,DGS10,美国10年期国债收益率,4.543113086013627,%,内置演示数据（首次在线更新后自动替换）
20250717,DGS10,美国10年期国债收益率,4.5561102282785395,%,内置演示数据（首次在线更新后自动替换）
20250718,DGS10,美国10年期国债收益率,4.491826616728354,%,内置演示数据（首次在线更新后自动替换）
20250721,DGS10,美国10年期国债收益率,4.586458955629678,%,内置演示数据（首次在线更新后自动替换）
20250722,DGS10,美国10年期国债收益率,4.538958838937826,%,内置演示数据（首次在线更新后自动替换）
20250723,DGS10,美国10年期国债收益率,4.557222993413349,%,内置演示数据（首次在线更新后自动替换）
20250724,DGS10,美国10年期国债收益率,4.544227798285983,%,内置演示数据（首次在线更新后自动替换）
20250725,DGS10,美国10年期国债收益率,4.539171503666435,%,内置演示数据（首次在线更新后自动替换）
20250728,DGS10,美国10年期国债收益率,4.5151297751092425,%,内置演示数据（首次在线更新后自动替换）
20250729,DGS10,美国10年期国债收益率,4.519638846401261,%,内置演示数据（首次在线更新后自动替换）
20250730,DGS10,美国10年期国债收益率,4.471729148693054,%,内置演示数据（首次在线更新后自动替换）
20250731,DGS10,美国10年期国债收益率,4.457958319828181,%,内置演示数据（首次在线更新后自动替换）
20250801,DGS10,美国10年期国债收益率,4.482540523659471,%,内置演示数据（首次在线更新后自动替换）
20250804,DGS10,美国10年期国债收益率,4.457618178523214,%,内置演示数据（首次在线更新后自动替换）
20250805,DGS10,美国10年期国债收益率,4.513174640805675,%,内置演示数据（首次在线更新后自动替换）
20250806,DGS10,美国10年期国债收益率,4.474029524867625,%,内置演示数据（首次在线更新后自动替换）
20250807,DGS10,美国10年期国债收益率,4.433614227845908,%,内置演示数据（首次在线更新后自动替换）
20250808,DGS10,美国10年期国债收益率,4.439268720917573,%,内置演示数据（首次在线更新后自动替换）
20250811,DGS10,美国10年期国债收益率,4.443687982236897,%,内置演示数据（首次在线更新后自动替换）
20250812,DGS10,美国10年期国债收益率,4.4299209437596945,%,内置演示数据（首次在线更新后自动替换）
20250813,DGS10,美国10年期国债收益率,4.432360878522705,%,内置演示数据（首次在线更新后自动替换）
20250814,DGS10,美国10年期国债收益率,4.418503644637424,%,内置演示数据（首次在线更新后自动替换）
20250815,DGS10,美国10年期国债收益率,4.366951696454573,%,内置演示数据（首次在线更新后自动替换）
20250818,DGS10,美国10年期国债收益率,4.336367370492597,%,内置演示数据（首次在线更新后自动替换）
20250819,DGS10,美国10年期国债收益率,4.381908903066063,%,内置演示数据（首次在线更新后自动替换）
20250820,DGS10,美国10年期国债收益率,4.402158021247227,%,内置演示数据（首次在线更新后自动替换）
20250821,DGS10,美国10年期国债收益率,4.366705472347097,%,内置演示数据（首次在线更新后自动替换）
20250822,DGS10,美国10年期国债收益率,4.406917842932115,%,内置演示数据（首次在线更新后自动替换）
20250825,DGS10,美国10年期国债收益率,4.360673597333267,%,内置演示数据（首次在线更新后自动替换）
20250826,DGS10,美国10年期国债收益率,4.395074084079465,%,内置演示数据（首次在线更新后自动替换）
20250827,DGS10,美国10年期国债收益率,4.381215847401417,%,内置演示数据（首次在线更新后自动替换）
20250828,DGS10,美国10年期国债收益率,4.370524232527191,%,内置演示数据（首次在线更新后自动替换）
20250829,DGS10,美国10年期国债收益率,4.295237289209076,%,内置演示数据（首次在线更新后自动替换）
20250901,DGS10,美国10年期国债收益率,4.324247773412579,%,内置演示数据（首次在线更新后自动替换）
20250902,DGS10,美国10年期国债收益率,4.352845334028859,%,内置演示数据（首次在线更新后自动替换）
20250903,DGS10,美国10年期国债收益率,4.316802446891981,%,内置演示数据（首次在线更新后自动替换）
20250904,DGS10,美国10年期国债收益率,4.317777996135377,%,内置演示数据（首次在线更新后自动替换）
20250905,DGS10,美国10年期国债收益率,4.252074487857275,%,内置演示数据（首次在线更新后自动替换）
20250908,DGS10,美国10年期国债收益率,4.343891199136559,%,内置演示数据（首次在线更新后自动替换）
20250909,DGS10,美国10年期国债收益率,4.255258795606201,%,内置演示数据（首次在线更新后自动替换）
20250910,DGS10,美国10年期国债收益率,4.21189955050932,%,内置演示数据（首次在线更新后自动替换）
20250911,DGS10,美国10年期国债收益率,4.253994149170831,%,内置演示数据（首次在线更新后自动替换）
20250912,DGS10,美国10年期国债收益率,4.183965919342625,%,内置演示数据（首次在线更新后自动替换）
20250915,DGS10,美国10年期国债收益率,4.2177696157057145,%,内置演示数据（首次在线更新后自动替换）
20250916,DGS10,美国10年期国债收益率,4.320085571547242,%,内置演示数据（首次在线更新后自动替换）
20250917,DGS10,美国10年期国债收益率,4.225013204344159,%,内置演示数据（首次在线更新后自动替换）
20250918,DGS10,美国10年期国债收益率,4.186745803419342,%,内置演示数据（首次在线更新后自动替换）
20250919,DGS10,美国10年期国债收益率,4.223587500693823,%,内置演示数据（首次在线更新后自动替换）
20250922,DGS10,美国10年期国债收益率,4.189231085850659,%,内置演示数据（首次在线更新后自动替换）
20250923,DGS10,美国10年期国债收益率,4.2355281871789385,%,内置演示数据（首次在线更新后自动替换）
20250924,DGS10,美国10年期国债收益率,4.17642770526498,%,内置演示数据（首次在线更新后自动替换）
20250925,DGS10,美国10年期国债收益率,4.204854721037685,%,内置演示数据（首次在线更新后自动替换）
20250926,DGS10,美国10年期国债收益率,4.156039974492546,%,内置演示数据（首次在线更新后自动替换）
20250929,DGS10,美国10年期国债收益率,4.262245102168592,%,内置演示数据（首次在线更新后自动替换）
20250930,DGS10,美国10年期国债收益率,4.1933120084986255,%,内置演示数据（首次在线更新后自动替换）
20251001,DGS10,美国10年期国债收益率,4.1678766867750605,%,内置演示数据（首次在线更新后自动替换）
20251002,DGS10,美国10年期国债收益率,4.157604145509086,%,内置演示数据（首次在线更新后自动替换）
20251003,DGS10,美国10年期国债收益率,4.14405128264603,%,内置演示数据（首次在线更新后自动替换）
20251006,DGS10,美国10年期国债收益率,4.132216454948035,%,内置演示数据（首次在线更新后自动替换）
20251007,DGS10,美国10年期国债收益率,4.125897495773018,%,内置演示数据（首次在线更新后自动替换）
20251008,DGS10,美国10年期国债收益率,4.194528475508753,%,内置演示数据（首次在线更新后自动替换）
20251009,DGS10,美国10年期国债收益率,4.122355730051575,%,内置演示数据（首次在线更新后自动替换）
20251010,DGS10,美国10年期国债收益率,4.069936036475064,%,内置演示数据（首次在线更新后自动替换）
20251013,DGS10,美国10年期国债收益率,4.093855469132673,%,内置演示数据（首次在线更新后自动替换）
20251014,DGS10,美国10年期国债收益率,4.1518160398218455,%,内置演示数据（首次在线更新后自动替换）
20251015,DGS10,美国10年期国债收益率,4.111700678426586,%,内置演示数据（首次在线更新后自动替换）
20251016,DGS10,美国10年期国债收益率,4.11067267721894,%,内置演示数据（首次在线更新后自动替换）
20251017,DGS10,美国10年期国债收益率,4.145355169362594,%,内置演示数据（首次在线更新后自动替换）
20251020,DGS10,美国10年期国债收益率,4.082654423971942,%,内置演示数据（首次在线更新后自动替换）
20251021,DGS10,美国10年期国债收益率,4.120795833448511,%,内置演示数据（首次在线更新后自动替换）
20251022,DGS10,美国10年期国债收益率,4.077787929121158,%,内置演示数据（首次在线更新后自动替换）
20251023,DGS10,美国10年期国债收益率,4.111251060913669,%,内置演示数据（首次在线更新后自动替换）
20251024,DGS10,美国10年期国债收益率,4.078542159839763,%,内置演示数据（首次在线更新后自动替换）
20251027,DGS10,美国10年期国债收益率,4.0794841413909175,%,内置演示数据（首次在线更新后自动替换）
20251028,DGS10,美国10年期国债收益率,4.107943720199529,%,内置演示数据（首次在线更新后自动替换）
20251029,DGS10,美国10年期国债收益率,4.102545917558788,%,内置演示数据（首次在线更新后自动替换）
20251030,DGS10,美国10年期国债收益率,4.07206576287338,%,内置演示数据（首次在线更新后自动替换）
20251031,DGS10,美国10年期国债收益率,4.059962806927709,%,内置演示数据（首次在线更新后自动替换）
20251103,DGS10,美国10年期国债收益率,4.119329785115589,%,内置演示数据（首次在线更新后自动替换）
20251104,DGS10,美国10年期国债收益率,4.086441409451602,%,内置演示数据（首次在线更新后自动替换）
20251105,DGS10,美国10年期国债收益率,4.054596926216352,%,内置演示数据（首次在线更新后自动替换）
20251106,DGS10,美国10年期国债收益率,4.0444731128917715,%,内置演示数据（首次在线更新后自动替换）
20251107,DGS10,美国10年期国债收益率,4.092712918995562,%,内置演示数据（首次在线更新后自动替换）
20251110,DGS10,美国10年期国债收益率,4.063495269869715,%,内置演示数据（首次在线更新后自动替换）
20251111,DGS10,美国10年期国债收益率,4.053361828832712,%,内置演示数据（首次在线更新后自动替换）
20251112,DGS10,美国10年期国债收益率,4.060121574743606,%,内置演示数据（首次在线更新后自动替换）
20251113,DGS10,美国10年期国债收益率,4.065379664062638,%,内置演示数据（首次在线更新后自动替换）
20251114,DGS10,美国10年期国债收益率,4.0522887637498695,%,内置演示数据（首次在线更新后自动替换）
20251117,DGS10,美国10年期国债收益率,4.089014586909049,%,内置演示数据（首次在线更新后自动替换）
20251118,DGS10,美国10年期国债收益率,4.089770076309007,%,内置演示数据（首次在线更新后自动替换）
20251119,DGS10,美国10年期国债收益率,4.06720435647404,%,内置演示数据（首次在线更新后自动替换）
20251120,DGS10,美国10年期国债收益率,4.0919192897525845,%,内置演示数据（首次在线更新后自动替换）
20251121,DGS10,美国10年期国债收益率,4.050535127952356,%,内置演示数据（首次在线更新后自动替换）
20251124,DGS10,美国10年期国债收益率,4.0707653539454185,%,内置演示数据（首次在线更新后自动替换）
20251125,DGS10,美国10年期国债收益率,4.080137117273412,%,内置演示数据（首次在线更新后自动替换）
20251126,DGS10,美国10年期国债收益率,4.080695410720654,%,内置演示数据（首次在线更新后自动替换）
20251127,DGS10,美国10年期国债收益率,4.077897842397179,%,内置演示数据（首次在线更新后自动替换）
20251128,DGS10,美国10年期国债收益率,4.069819775479845,%,内置演示数据（首次在线更新后自动替换）
20251201,DGS10,美国10年期国债收益率,4.110236570637999,%,内置演示数据（首次在线更新后自动替换）
20251202,DGS10,美国10年期国债收益率,4.0361425615828175,%,内置演示数据（首次在线更新后自动替换）
20251203,DGS10,美国10年期国债收益率,4.048659199613224,%,内置演示数据（首次在线更新后自动替换）
20251204,DGS10,美国10年期国债收益率,4.048034092057136,%,内置演示数据（首次在线更新后自动替换）
20251205,DGS10,美国10年期国债收益率,4.044751600500464,%,内置演示数据（首次在线更新后自动替换）
20251208,DGS10,美国10年期国债收益率,3.997624633494591,%,内置演示数据（首次在线更新后自动替换）
20251209,DGS10,美国10年期国债收益率,4.1001971525525915,%,内置演示数据（首次在线更新后自动替换）
20251210,DGS10,美国10年期国债收益率,4.030001820419899,%,内置演示数据（首次在线更新后自动替换）
20251211,DGS10,美国10年期国债收益率,4.067876814921141,%,内置演示数据（首次在线更新后自动替换）
20251212,DGS10,美国10年期国债收益率,4.02229238616897,%,内置演示数据（首次在线更新后自动替换）
20251215,DGS10,美国10年期国债收益率,4.085900998120818,%,内置演示数据（首次在线更新后自动替换）
20251216,DGS10,美国10年期国债收益率,4.0462132494663745,%,内置演示数据（首次在线更新后自动替换）
20251217,DGS10,美国10年期国债收益率,4.038354944465517,%,内置演示数据（首次在线更新后自动替换）
20251218,DGS10,美国10年期国债收益率,4.081084532196063,%,内置演示数据（首次在线更新后自动替换）
20251219,DGS10,美国10年期国债收益率,4.057212978602885,%,内置演示数据（首次在线更新后自动替换）
20251222,DGS10,美国10年期国债收益率,4.0641499206400775,%,内置演示数据（首次在线更新后自动替换）
20251223,DGS10,美国10年期国债收益率,4.089825398839291,%,内置演示数据（首次在线更新后自动替换）
20251224,DGS10,美国10年期国债收益率,4.112124122118824,%,内置演示数据（首次在线更新后自动替换）
20251225,DGS10,美国10年期国债收益率,4.0671791582852235,%,内置演示数据（首次在线更新后自动替换）
20251226,DGS10,美国10年期国债收益率,4.065754358368191,%,内置演示数据（首次在线更新后自动替换）
20251229,DGS10,美国10年期国债收益率,4.100103971309951,%,内置演示数据（首次在线更新后自动替换）
